name|weight|mass|A|d|b|t|y|yp|Ix|Zx|Sx|rx|Iy|Zy|Sy|ry|ro|H
 |lbf/ft|lbm/ft|in²|in|in|in|in|in|in⁴|in³|in³|in|in⁴|in³|in³|in|in|
2L12X12X1-3/8|210|210|62.2|12.0|12.0|1.38|3.50|1.30|826|176|97.2|3.64|1590|218|133|5.06|6.84|0.831
2L12X12X1-3/8X3/4|210|210|62.2|12.0|12.0|1.38|3.50|1.30|826|176|97.2|3.64|1760|241|142|5.32|7.03|0.840
2L12X12X1-3/8X1-1/2|210|210|62.2|12.0|12.0|1.38|3.50|1.30|826|176|97.2|3.64|1950|264|153|5.60|7.25|0.850
2L12X12X1-1/4|193|193|56.8|12.0|12.0|1.25|3.45|1.18|762|161|89.2|3.66|1440|196|120|5.04|6.84|0.829
2L12X12X1-1/4X3/4|193|193|56.8|12.0|12.0|1.25|3.45|1.18|762|161|89.2|3.66|1590|217|128|5.29|7.03|0.839
2L12X12X1-1/4X1-1/2|193|193|56.8|12.0|12.0|1.25|3.45|1.18|762|161|89.2|3.66|1760|239|138|5.57|7.24|0.848
2L12X12X1-1/8|174|174|51.6|12.0|12.0|1.13|3.41|1.08|700|147|81.4|3.68|1300|176|108|5.02|6.85|0.827
2L12X12X1-1/8X3/4|174|174|51.6|12.0|12.0|1.13|3.41|1.08|700|147|81.4|3.68|1440|195|116|5.28|7.04|0.837
2L12X12X1-1/8X1-1/2|174|174|51.6|12.0|12.0|1.13|3.41|1.08|700|147|81.4|3.68|1590|215|125|5.55|7.24|0.846
2L12X12X1|156|156|46.0|12.0|12.0|1.00|3.36|0.958|630|132|73.0|3.70|1150|155|95.8|5.00|6.85|0.826
2L12X12X1X3/4|156|156|46.0|12.0|12.0|1.00|3.36|0.958|630|132|73.0|3.70|1270|172|103|5.25|7.03|0.834
2L12X12X1X1-1/2|156|156|46.0|12.0|12.0|1.00|3.36|0.958|630|132|73.0|3.70|1410|189|111|5.54|7.25|0.844
2L10X10X1-3/8|174|174|51.2|10.0|10.0|1.38|3.00|1.28|462|120|66.0|3.00|923|154|92.3|4.25|5.69|0.835
2L10X10X1-3/8X3/4|174|174|51.2|10.0|10.0|1.38|3.00|1.28|462|120|66.0|3.00|1050|173|101|4.53|5.90|0.847
2L10X10X1-3/8X1-1/2|174|174|51.2|10.0|10.0|1.38|3.00|1.28|462|120|66.0|3.00|1180|192|110|4.80|6.12|0.858
2L10X10X1-1/4|160|160|46.8|10.0|10.0|1.25|2.95|1.17|426|110|60.4|3.02|833|138|83.3|4.22|5.68|0.832
2L10X10X1-1/4X3/4|160|160|46.8|10.0|10.0|1.25|2.95|1.17|426|110|60.4|3.02|943|156|90.9|4.49|5.89|0.844
2L10X10X1-1/4X1-1/2|160|160|46.8|10.0|10.0|1.25|2.95|1.17|426|110|60.4|3.02|1070|173|99.5|4.78|6.11|0.855
2L10X10X1-1/8|145|145|42.6|10.0|10.0|1.13|2.90|1.07|392|100|55.2|3.03|750|124|75.0|4.20|5.68|0.831
2L10X10X1-1/8X3/4|145|145|42.6|10.0|10.0|1.13|2.90|1.07|392|100|55.2|3.03|849|140|81.8|4.46|5.88|0.842
2L10X10X1-1/8X1-1/2|145|145|42.6|10.0|10.0|1.13|2.90|1.07|392|100|55.2|3.03|960|155|89.3|4.75|6.10|0.853
2L10X10X1|129|129|38.0|10.0|10.0|1.00|2.86|0.950|354|90.0|49.6|3.05|665|109|66.5|4.18|5.69|0.828
2L10X10X1X3/4|129|129|38.0|10.0|10.0|1.00|2.86|0.950|354|90.0|49.6|3.05|752|123|72.5|4.45|5.89|0.839
2L10X10X1X1-1/2|129|129|38.0|10.0|10.0|1.00|2.86|0.950|354|90.0|49.6|3.05|849|137|79.0|4.73|6.10|0.850
2L10X10X7/8|114|114|33.6|10.0|10.0|0.875|2.80|0.840|316|79.8|43.8|3.07|579|94.1|57.9|4.15|5.68|0.827
2L10X10X7/8X3/4|114|114|33.6|10.0|10.0|0.875|2.80|0.840|316|79.8|43.8|3.07|655|107|63.1|4.42|5.87|0.838
2L10X10X7/8X1-1/2|114|114|33.6|10.0|10.0|0.875|2.80|0.840|316|79.8|43.8|3.07|739|119|68.7|4.69|6.08|0.849
2L10X10X3/4|98.2|98.2|29.0|10.0|10.0|0.750|2.76|0.725|278|69.2|38.4|3.10|499|80.0|49.9|4.15|5.70|0.825
2L10X10X3/4X3/4|98.2|98.2|29.0|10.0|10.0|0.750|2.76|0.725|278|69.2|38.4|3.10|563|90.9|54.3|4.41|5.89|0.836
2L10X10X3/4X1-1/2|98.2|98.2|29.0|10.0|10.0|0.750|2.76|0.725|278|69.2|38.4|3.10|635|102|59.1|4.68|6.10|0.847
2L8X8X1-1/8|114|114|33.6|8.00|8.00|1.13|2.40|1.05|196|63.2|35.0|2.41|391|80.6|48.9|3.41|4.56|0.837
2L8X8X1-1/8X3/8|114|114|33.6|8.00|8.00|1.13|2.40|1.05|196|63.2|35.0|2.41|421|86.9|51.4|3.54|4.66|0.844
2L8X8X1-1/8X3/4|114|114|33.6|8.00|8.00|1.13|2.40|1.05|196|63.2|35.0|2.41|455|93.2|54.3|3.68|4.77|0.851
2L8X8X1|102|102|30.2|8.00|8.00|1.00|2.36|0.944|178|57.0|31.6|2.43|347|71.3|43.4|3.39|4.56|0.834
2L8X8X1X3/8|102|102|30.2|8.00|8.00|1.00|2.36|0.944|178|57.0|31.6|2.43|374|76.9|45.7|3.52|4.66|0.841
2L8X8X1X3/4|102|102|30.2|8.00|8.00|1.00|2.36|0.944|178|57.0|31.6|2.43|405|82.6|48.4|3.66|4.77|0.848
2L8X8X7/8|90.0|90.0|26.6|8.00|8.00|0.875|2.31|0.831|159|50.6|28.0|2.45|300|61.4|37.5|3.36|4.56|0.831
2L8X8X7/8X3/8|90.0|90.0|26.6|8.00|8.00|0.875|2.31|0.831|159|50.6|28.0|2.45|326|66.4|39.8|3.50|4.66|0.838
2L8X8X7/8X3/4|90.0|90.0|26.6|8.00|8.00|0.875|2.31|0.831|159|50.6|28.0|2.45|351|71.4|41.9|3.63|4.76|0.845
2L8X8X3/4|77.8|77.8|23.0|8.00|8.00|0.750|2.26|0.719|140|44.0|24.4|2.46|257|52.0|32.1|3.34|4.56|0.829
2L8X8X3/4X3/8|77.8|77.8|23.0|8.00|8.00|0.750|2.26|0.719|140|44.0|24.4|2.46|277|56.3|33.8|3.47|4.66|0.836
2L8X8X3/4X3/4|77.8|77.8|23.0|8.00|8.00|0.750|2.26|0.719|140|44.0|24.4|2.46|300|60.6|35.8|3.61|4.76|0.843
2L8X8X5/8|65.4|65.4|19.4|8.00|8.00|0.625|2.21|0.606|119|37.2|20.6|2.48|214|42.8|26.8|3.32|4.56|0.826
2L8X8X5/8X3/8|65.4|65.4|19.4|8.00|8.00|0.625|2.21|0.606|119|37.2|20.6|2.48|231|46.5|28.2|3.45|4.66|0.833
2L8X8X5/8X3/4|65.4|65.4|19.4|8.00|8.00|0.625|2.21|0.606|119|37.2|20.6|2.48|249|50.1|29.7|3.58|4.76|0.840
2L8X8X9/16|59.2|59.2|17.5|8.00|8.00|0.563|2.19|0.548|108|33.6|18.7|2.49|192|38.4|24.0|3.31|4.56|0.825
2L8X8X9/16X3/8|59.2|59.2|17.5|8.00|8.00|0.563|2.19|0.548|108|33.6|18.7|2.49|207|41.7|25.3|3.44|4.65|0.832
2L8X8X9/16X3/4|59.2|59.2|17.5|8.00|8.00|0.563|2.19|0.548|108|33.6|18.7|2.49|223|45.0|26.6|3.57|4.75|0.839
2L8X8X1/2|52.8|52.8|15.7|8.00|8.00|0.500|2.17|0.490|97.6|30.2|16.7|2.49|171|34.0|21.4|3.30|4.56|0.824
2L8X8X1/2X3/8|52.8|52.8|15.7|8.00|8.00|0.500|2.17|0.490|97.6|30.2|16.7|2.49|185|37.0|22.6|3.43|4.65|0.831
2L8X8X1/2X3/4|52.8|52.8|15.7|8.00|8.00|0.500|2.17|0.490|97.6|30.2|16.7|2.49|199|39.9|23.8|3.56|4.75|0.837
2L6X6X1|74.8|74.8|22.0|6.00|6.00|1.00|1.86|0.917|70.8|30.8|17.1|1.79|146|40.9|24.3|2.58|3.42|0.843
2L6X6X1X3/8|74.8|74.8|22.0|6.00|6.00|1.00|1.86|0.917|70.8|30.8|17.1|1.79|163|45.0|26.3|2.72|3.53|0.852
2L6X6X1X3/4|74.8|74.8|22.0|6.00|6.00|1.00|1.86|0.917|70.8|30.8|17.1|1.79|180|49.2|28.2|2.86|3.64|0.861
2L6X6X7/8|66.2|66.2|19.5|6.00|6.00|0.875|1.81|0.813|63.8|27.4|15.2|1.81|128|35.3|21.3|2.56|3.42|0.839
2L6X6X7/8X3/8|66.2|66.2|19.5|6.00|6.00|0.875|1.81|0.813|63.8|27.4|15.2|1.81|142|39.0|22.9|2.70|3.53|0.848
2L6X6X7/8X3/4|66.2|66.2|19.5|6.00|6.00|0.875|1.81|0.813|63.8|27.4|15.2|1.81|157|42.6|24.6|2.84|3.63|0.857
2L6X6X3/4|57.4|57.4|16.9|6.00|6.00|0.750|1.77|0.705|56.2|23.8|13.3|1.82|109|29.9|18.2|2.54|3.42|0.835
2L6X6X3/4X3/8|57.4|57.4|16.9|6.00|6.00|0.750|1.77|0.705|56.2|23.8|13.3|1.82|120|33.1|19.4|2.67|3.52|0.844
2L6X6X3/4X3/4|57.4|57.4|16.9|6.00|6.00|0.750|1.77|0.705|56.2|23.8|13.3|1.82|133|36.3|20.9|2.81|3.63|0.853
2L6X6X5/8|48.4|48.4|14.3|6.00|6.00|0.625|1.72|0.594|48.2|20.2|11.3|1.84|90.8|24.5|15.1|2.52|3.42|0.831
2L6X6X5/8X3/8|48.4|48.4|14.3|6.00|6.00|0.625|1.72|0.594|48.2|20.2|11.3|1.84|100|27.2|16.2|2.65|3.52|0.840
2L6X6X5/8X3/4|48.4|48.4|14.3|6.00|6.00|0.625|1.72|0.594|48.2|20.2|11.3|1.84|111|29.9|17.4|2.79|3.62|0.849
2L6X6X9/16|43.8|43.8|12.9|6.00|6.00|0.563|1.70|0.538|44.0|18.4|10.2|1.85|81.3|21.9|13.6|2.51|3.42|0.829
2L6X6X9/16X3/8|43.8|43.8|12.9|6.00|6.00|0.563|1.70|0.538|44.0|18.4|10.2|1.85|89.9|24.3|14.5|2.64|3.52|0.838
2L6X6X9/16X3/4|43.8|43.8|12.9|6.00|6.00|0.563|1.70|0.538|44.0|18.4|10.2|1.85|99.7|26.8|15.6|2.78|3.62|0.847
2L6X6X1/2|39.2|39.2|11.5|6.00|6.00|0.500|1.67|0.481|39.8|16.4|9.18|1.86|71.9|19.3|12.0|2.50|3.42|0.827
2L6X6X1/2X3/8|39.2|39.2|11.5|6.00|6.00|0.500|1.67|0.481|39.8|16.4|9.18|1.86|79.5|21.4|12.8|2.63|3.52|0.836
2L6X6X1/2X3/4|39.2|39.2|11.5|6.00|6.00|0.500|1.67|0.481|39.8|16.4|9.18|1.86|87.6|23.6|13.7|2.76|3.62|0.846
2L6X6X7/16|34.4|34.4|10.2|6.00|6.00|0.438|1.65|0.423|35.2|14.5|8.12|1.86|63.2|16.8|10.5|2.49|3.42|0.826
2L6X6X7/16X3/8|34.4|34.4|10.2|6.00|6.00|0.438|1.65|0.423|35.2|14.5|8.12|1.86|70.0|18.7|11.3|2.62|3.52|0.835
2L6X6X7/16X3/4|34.4|34.4|10.2|6.00|6.00|0.438|1.65|0.423|35.2|14.5|8.12|1.86|77.1|20.6|12.1|2.75|3.62|0.844
2L6X6X3/8|29.8|29.8|8.76|6.00|6.00|0.375|1.62|0.365|30.8|12.5|7.02|1.87|53.9|14.2|8.98|2.48|3.42|0.824
2L6X6X3/8X3/8|29.8|29.8|8.76|6.00|6.00|0.375|1.62|0.365|30.8|12.5|7.02|1.87|59.2|15.8|9.57|2.60|3.51|0.833
2L6X6X3/8X3/4|29.8|29.8|8.76|6.00|6.00|0.375|1.62|0.365|30.8|12.5|7.02|1.87|65.8|17.5|10.3|2.74|3.61|0.842
2L6X6X5/16|24.8|24.8|7.34|6.00|6.00|0.313|1.60|0.306|26.0|10.5|5.90|1.88|44.8|11.7|7.47|2.47|3.42|0.823
2L6X6X5/16X3/8|24.8|24.8|7.34|6.00|6.00|0.313|1.60|0.306|26.0|10.5|5.90|1.88|49.2|13.1|7.95|2.59|3.51|0.832
2L6X6X5/16X3/4|24.8|24.8|7.34|6.00|6.00|0.313|1.60|0.306|26.0|10.5|5.90|1.88|54.3|14.5|8.52|2.72|3.61|0.841
2L5X5X7/8|54.4|54.4|16.0|5.00|5.00|0.875|1.56|0.800|35.6|18.6|10.3|1.49|74.6|25.0|14.9|2.16|2.85|0.845
2L5X5X7/8X3/8|54.4|54.4|16.0|5.00|5.00|0.875|1.56|0.800|35.6|18.6|10.3|1.49|84.6|28.0|16.3|2.30|2.96|0.856
2L5X5X7/8X3/4|54.4|54.4|16.0|5.00|5.00|0.875|1.56|0.800|35.6|18.6|10.3|1.49|95.3|31.0|17.7|2.44|3.07|0.866
2L5X5X3/4|47.2|47.2|14.0|5.00|5.00|0.750|1.52|0.698|31.4|16.3|9.04|1.50|63.5|21.2|12.7|2.13|2.85|0.840
2L5X5X3/4X3/8|47.2|47.2|14.0|5.00|5.00|0.750|1.52|0.698|31.4|16.3|9.04|1.50|72.1|23.8|13.9|2.27|2.95|0.851
2L5X5X3/4X3/4|47.2|47.2|14.0|5.00|5.00|0.750|1.52|0.698|31.4|16.3|9.04|1.50|81.3|26.5|15.1|2.41|3.06|0.861
2L5X5X5/8|40.0|40.0|11.8|5.00|5.00|0.625|1.47|0.590|27.2|13.9|7.70|1.52|52.5|17.3|10.5|2.11|2.85|0.835
2L5X5X5/8X3/8|40.0|40.0|11.8|5.00|5.00|0.625|1.47|0.590|27.2|13.9|7.70|1.52|59.7|19.6|11.5|2.25|2.95|0.846
2L5X5X5/8X3/4|40.0|40.0|11.8|5.00|5.00|0.625|1.47|0.590|27.2|13.9|7.70|1.52|67.4|21.8|12.5|2.39|3.06|0.857
2L5X5X1/2|32.4|32.4|9.58|5.00|5.00|0.500|1.42|0.479|22.6|11.3|6.30|1.53|41.8|13.6|8.36|2.09|2.85|0.830
2L5X5X1/2X3/8|32.4|32.4|9.58|5.00|5.00|0.500|1.42|0.479|22.6|11.3|6.30|1.53|47.2|15.4|9.10|2.22|2.94|0.842
2L5X5X1/2X3/4|32.4|32.4|9.58|5.00|5.00|0.500|1.42|0.479|22.6|11.3|6.30|1.53|53.4|17.2|9.93|2.36|3.05|0.852
2L5X5X7/16|28.6|28.6|8.44|5.00|5.00|0.438|1.40|0.422|20.0|10.0|5.56|1.54|36.5|11.8|7.30|2.08|2.85|0.828
2L5X5X7/16X3/8|28.6|28.6|8.44|5.00|5.00|0.438|1.40|0.422|20.0|10.0|5.56|1.54|41.2|13.4|7.94|2.21|2.94|0.839
2L5X5X7/16X3/4|28.6|28.6|8.44|5.00|5.00|0.438|1.40|0.422|20.0|10.0|5.56|1.54|46.6|15.0|8.67|2.35|3.05|0.850
2L5X5X3/8|24.6|24.6|7.30|5.00|5.00|0.375|1.37|0.365|17.5|8.66|4.82|1.55|31.3|10.0|6.26|2.07|2.84|0.826
2L5X5X3/8X3/8|24.6|24.6|7.30|5.00|5.00|0.375|1.37|0.365|17.5|8.66|4.82|1.55|35.3|11.4|6.80|2.20|2.94|0.838
2L5X5X3/8X3/4|24.6|24.6|7.30|5.00|5.00|0.375|1.37|0.365|17.5|8.66|4.82|1.55|40.0|12.7|7.44|2.34|3.04|0.848
2L5X5X5/16|20.6|20.6|6.14|5.00|5.00|0.313|1.35|0.307|14.9|7.30|4.08|1.56|26.1|8.29|5.22|2.06|2.84|0.825
2L5X5X5/16X3/8|20.6|20.6|6.14|5.00|5.00|0.313|1.35|0.307|14.9|7.30|4.08|1.56|29.4|9.44|5.67|2.19|2.94|0.836
2L5X5X5/16X3/4|20.6|20.6|6.14|5.00|5.00|0.313|1.35|0.307|14.9|7.30|4.08|1.56|33.0|10.6|6.14|2.32|3.04|0.847
2L4X4X3/4|37.0|37.0|10.9|4.00|4.00|0.750|1.27|0.680|15.2|10.0|5.58|1.18|32.6|13.8|8.15|1.73|2.28|0.847
2L4X4X3/4X3/8|37.0|37.0|10.9|4.00|4.00|0.750|1.27|0.680|15.2|10.0|5.58|1.18|38.5|15.9|9.19|1.88|2.39|0.861
2L4X4X3/4X3/4|37.0|37.0|10.9|4.00|4.00|0.750|1.27|0.680|15.2|10.0|5.58|1.18|44.9|17.9|10.3|2.03|2.51|0.874
2L4X4X5/8|31.4|31.4|9.22|4.00|4.00|0.625|1.22|0.576|13.2|8.56|4.76|1.20|27.0|11.2|6.75|1.71|2.28|0.841
2L4X4X5/8X3/8|31.4|31.4|9.22|4.00|4.00|0.625|1.22|0.576|13.2|8.56|4.76|1.20|31.6|13.0|7.55|1.85|2.39|0.854
2L4X4X5/8X3/4|31.4|31.4|9.22|4.00|4.00|0.625|1.22|0.576|13.2|8.56|4.76|1.20|36.9|14.7|8.43|2.00|2.50|0.868
2L4X4X1/2|25.6|25.6|7.50|4.00|4.00|0.500|1.18|0.469|11.0|7.00|3.92|1.21|21.4|8.85|5.35|1.69|2.28|0.834
2L4X4X1/2X3/8|25.6|25.6|7.50|4.00|4.00|0.500|1.18|0.469|11.0|7.00|3.92|1.21|25.1|10.3|5.99|1.83|2.38|0.848
2L4X4X1/2X3/4|25.6|25.6|7.50|4.00|4.00|0.500|1.18|0.469|11.0|7.00|3.92|1.21|29.1|11.7|6.65|1.97|2.49|0.862
2L4X4X7/16|22.6|22.6|6.60|4.00|4.00|0.438|1.15|0.413|9.86|6.20|3.46|1.22|18.6|7.59|4.65|1.68|2.28|0.832
2L4X4X7/16X3/8|22.6|22.6|6.60|4.00|4.00|0.438|1.15|0.413|9.86|6.20|3.46|1.22|21.6|8.83|5.16|1.81|2.38|0.846
2L4X4X7/16X3/4|22.6|22.6|6.60|4.00|4.00|0.438|1.15|0.413|9.86|6.20|3.46|1.22|25.4|10.1|5.81|1.96|2.49|0.859
2L4X4X3/8|19.6|19.6|5.72|4.00|4.00|0.375|1.13|0.358|8.64|5.38|3.00|1.23|16.0|6.46|4.00|1.67|2.28|0.829
2L4X4X3/8X3/8|19.6|19.6|5.72|4.00|4.00|0.375|1.13|0.358|8.64|5.38|3.00|1.23|18.5|7.54|4.42|1.80|2.38|0.843
2L4X4X3/8X3/4|19.6|19.6|5.72|4.00|4.00|0.375|1.13|0.358|8.64|5.38|3.00|1.23|21.5|8.61|4.91|1.94|2.49|0.856
2L4X4X5/16|16.4|16.4|4.80|4.00|4.00|0.313|1.11|0.300|7.34|4.52|2.54|1.24|13.2|5.33|3.30|1.66|2.28|0.826
2L4X4X5/16X3/8|16.4|16.4|4.80|4.00|4.00|0.313|1.11|0.300|7.34|4.52|2.54|1.24|15.4|6.23|3.68|1.79|2.37|0.840
2L4X4X5/16X3/4|16.4|16.4|4.80|4.00|4.00|0.313|1.11|0.300|7.34|4.52|2.54|1.24|17.9|7.13|4.09|1.93|2.48|0.854
2L4X4X1/4|13.2|13.2|3.86|4.00|4.00|0.250|1.08|0.241|6.00|3.64|2.06|1.25|10.5|4.17|2.62|1.65|2.28|0.824
2L4X4X1/4X3/8|13.2|13.2|3.86|4.00|4.00|0.250|1.08|0.241|6.00|3.64|2.06|1.25|12.2|4.89|2.91|1.78|2.37|0.838
2L4X4X1/4X3/4|13.2|13.2|3.86|4.00|4.00|0.250|1.08|0.241|6.00|3.64|2.06|1.25|14.1|5.62|3.22|1.91|2.48|0.851
2L3-1/2X3-1/2X1/2|22.2|22.2|6.50|3.50|3.50|0.500|1.05|0.464|7.26|5.32|2.96|1.05|14.4|6.82|4.11|1.49|1.99|0.838
2L3-1/2X3-1/2X1/2X3/8|22.2|22.2|6.50|3.50|3.50|0.500|1.05|0.464|7.26|5.32|2.96|1.05|17.3|8.04|4.69|1.63|2.10|0.854
2L3-1/2X3-1/2X1/2X3/4|22.2|22.2|6.50|3.50|3.50|0.500|1.05|0.464|7.26|5.32|2.96|1.05|20.4|9.26|5.26|1.77|2.21|0.869
2L3-1/2X3-1/2X7/16|19.6|19.6|5.78|3.50|3.50|0.438|1.03|0.413|6.50|4.72|2.64|1.06|12.7|5.95|3.63|1.48|1.99|0.835
2L3-1/2X3-1/2X7/16X3/8|19.6|19.6|5.78|3.50|3.50|0.438|1.03|0.413|6.50|4.72|2.64|1.06|15.0|7.04|4.07|1.61|2.09|0.851
2L3-1/2X3-1/2X7/16X3/4|19.6|19.6|5.78|3.50|3.50|0.438|1.03|0.413|6.50|4.72|2.64|1.06|17.9|8.12|4.62|1.76|2.21|0.866
2L3-1/2X3-1/2X3/8|17.0|17.0|5.00|3.50|3.50|0.375|1.00|0.357|5.72|4.12|2.30|1.07|10.8|5.00|3.09|1.47|1.99|0.832
2L3-1/2X3-1/2X3/8X3/8|17.0|17.0|5.00|3.50|3.50|0.375|1.00|0.357|5.72|4.12|2.30|1.07|12.8|5.94|3.47|1.60|2.09|0.848
2L3-1/2X3-1/2X3/8X3/4|17.0|17.0|5.00|3.50|3.50|0.375|1.00|0.357|5.72|4.12|2.30|1.07|15.1|6.88|3.90|1.74|2.20|0.863
2L3-1/2X3-1/2X5/16|14.4|14.4|4.20|3.50|3.50|0.313|0.979|0.300|4.88|3.48|1.94|1.08|8.95|4.11|2.56|1.46|1.99|0.829
2L3-1/2X3-1/2X5/16X3/8|14.4|14.4|4.20|3.50|3.50|0.313|0.979|0.300|4.88|3.48|1.94|1.08|10.6|4.90|2.87|1.59|2.09|0.845
2L3-1/2X3-1/2X5/16X3/4|14.4|14.4|4.20|3.50|3.50|0.313|0.979|0.300|4.88|3.48|1.94|1.08|12.6|5.69|3.25|1.73|2.20|0.860
2L3-1/2X3-1/2X1/4|11.6|11.6|3.40|3.50|3.50|0.250|0.954|0.243|4.00|2.82|1.57|1.09|7.05|3.24|2.01|1.44|1.99|0.826
2L3-1/2X3-1/2X1/4X3/8|11.6|11.6|3.40|3.50|3.50|0.250|0.954|0.243|4.00|2.82|1.57|1.09|8.38|3.88|2.27|1.57|2.08|0.842
2L3-1/2X3-1/2X1/4X3/4|11.6|11.6|3.40|3.50|3.50|0.250|0.954|0.243|4.00|2.82|1.57|1.09|10.1|4.52|2.61|1.72|2.19|0.857
2L3X3X1/2|18.8|18.8|5.52|3.00|3.00|0.500|0.929|0.460|4.40|3.82|2.12|0.895|9.19|5.13|3.06|1.29|1.71|0.842
2L3X3X1/2X3/8|18.8|18.8|5.52|3.00|3.00|0.500|0.929|0.460|4.40|3.82|2.12|0.895|11.3|6.16|3.55|1.43|1.82|0.861
2L3X3X1/2X3/4|18.8|18.8|5.52|3.00|3.00|0.500|0.929|0.460|4.40|3.82|2.12|0.895|13.8|7.20|4.09|1.58|1.94|0.878
2L3X3X7/16|16.6|16.6|4.86|3.00|3.00|0.438|0.907|0.405|3.96|3.40|1.89|0.903|7.96|4.41|2.65|1.28|1.71|0.838
2L3X3X7/16X3/8|16.6|16.6|4.86|3.00|3.00|0.438|0.907|0.405|3.96|3.40|1.89|0.903|9.80|5.32|3.07|1.42|1.82|0.857
2L3X3X7/16X3/4|16.6|16.6|4.86|3.00|3.00|0.438|0.907|0.405|3.96|3.40|1.89|0.903|12.0|6.23|3.56|1.57|1.94|0.874
2L3X3X3/8|14.4|14.4|4.22|3.00|3.00|0.375|0.884|0.352|3.50|2.96|1.65|0.910|6.81|3.73|2.27|1.27|1.71|0.834
2L3X3X3/8X3/8|14.4|14.4|4.22|3.00|3.00|0.375|0.884|0.352|3.50|2.96|1.65|0.910|8.39|4.52|2.63|1.41|1.81|0.853
2L3X3X3/8X3/4|14.4|14.4|4.22|3.00|3.00|0.375|0.884|0.352|3.50|2.96|1.65|0.910|10.1|5.31|2.99|1.55|1.93|0.870
2L3X3X5/16|12.2|12.2|3.56|3.00|3.00|0.313|0.860|0.297|3.00|2.52|1.40|0.918|5.65|3.06|1.88|1.26|1.71|0.830
2L3X3X5/16X3/8|12.2|12.2|3.56|3.00|3.00|0.313|0.860|0.297|3.00|2.52|1.40|0.918|6.88|3.73|2.16|1.39|1.81|0.849
2L3X3X5/16X3/4|12.2|12.2|3.56|3.00|3.00|0.313|0.860|0.297|3.00|2.52|1.40|0.918|8.44|4.40|2.50|1.54|1.93|0.866
2L3X3X1/4|9.80|9.80|2.88|3.00|3.00|0.250|0.836|0.240|2.46|2.04|1.14|0.926|4.50|2.41|1.50|1.25|1.71|0.827
2L3X3X1/4X3/8|9.80|9.80|2.88|3.00|3.00|0.250|0.836|0.240|2.46|2.04|1.14|0.926|5.48|2.95|1.72|1.38|1.81|0.845
2L3X3X1/4X3/4|9.80|9.80|2.88|3.00|3.00|0.250|0.836|0.240|2.46|2.04|1.14|0.926|6.65|3.49|1.97|1.52|1.92|0.863
2L3X3X3/16|7.42|7.42|2.18|3.00|3.00|0.188|0.812|0.182|1.90|1.55|0.866|0.933|3.35|1.77|1.12|1.24|1.71|0.823
2L3X3X3/16X3/8|7.42|7.42|2.18|3.00|3.00|0.188|0.812|0.182|1.90|1.55|0.866|0.933|4.09|2.18|1.28|1.37|1.80|0.842
2L3X3X3/16X3/4|7.42|7.42|2.18|3.00|3.00|0.188|0.812|0.182|1.90|1.55|0.866|0.933|4.97|2.59|1.47|1.51|1.91|0.859
2L2-1/2X2-1/2X1/2|15.4|15.4|4.52|2.50|2.50|0.500|0.803|0.452|2.44|2.58|1.43|0.735|5.37|3.63|2.15|1.09|1.43|0.850
2L2-1/2X2-1/2X1/2X3/8|15.4|15.4|4.52|2.50|2.50|0.500|0.803|0.452|2.44|2.58|1.43|0.735|6.84|4.48|2.55|1.23|1.54|0.871
2L2-1/2X2-1/2X1/2X3/4|15.4|15.4|4.52|2.50|2.50|0.500|0.803|0.452|2.44|2.58|1.43|0.735|8.73|5.32|3.04|1.39|1.67|0.890
2L2-1/2X2-1/2X3/8|11.8|11.8|3.46|2.50|2.50|0.375|0.758|0.346|1.94|2.02|1.12|0.749|3.96|2.62|1.58|1.07|1.42|0.839
2L2-1/2X2-1/2X3/8X3/8|11.8|11.8|3.46|2.50|2.50|0.375|0.758|0.346|1.94|2.02|1.12|0.749|5.07|3.27|1.89|1.21|1.53|0.861
2L2-1/2X2-1/2X3/8X3/4|11.8|11.8|3.46|2.50|2.50|0.375|0.758|0.346|1.94|2.02|1.12|0.749|6.40|3.92|2.23|1.36|1.65|0.881
2L2-1/2X2-1/2X5/16|10.0|10.0|2.92|2.50|2.50|0.313|0.735|0.292|1.67|1.71|0.948|0.756|3.22|2.15|1.29|1.05|1.42|0.834
2L2-1/2X2-1/2X5/16X3/8|10.0|10.0|2.92|2.50|2.50|0.313|0.735|0.292|1.67|1.71|0.948|0.756|4.14|2.69|1.54|1.19|1.53|0.856
2L2-1/2X2-1/2X5/16X3/4|10.0|10.0|2.92|2.50|2.50|0.313|0.735|0.292|1.67|1.71|0.948|0.756|5.24|3.24|1.82|1.34|1.65|0.876
2L2-1/2X2-1/2X1/4|8.20|8.20|2.38|2.50|2.50|0.250|0.711|0.238|1.38|1.39|0.774|0.764|2.57|1.69|1.03|1.04|1.42|0.829
2L2-1/2X2-1/2X1/4X3/8|8.20|8.20|2.38|2.50|2.50|0.250|0.711|0.238|1.38|1.39|0.774|0.764|3.31|2.14|1.23|1.18|1.52|0.852
2L2-1/2X2-1/2X1/4X3/4|8.20|8.20|2.38|2.50|2.50|0.250|0.711|0.238|1.38|1.39|0.774|0.764|4.21|2.58|1.46|1.33|1.64|0.872
2L2-1/2X2-1/2X3/16|6.14|6.14|1.80|2.50|2.50|0.188|0.687|0.180|1.07|1.06|0.590|0.771|1.91|1.24|0.764|1.03|1.42|0.825
2L2-1/2X2-1/2X3/16X3/8|6.14|6.14|1.80|2.50|2.50|0.188|0.687|0.180|1.07|1.06|0.590|0.771|2.46|1.58|0.915|1.17|1.52|0.847
2L2-1/2X2-1/2X3/16X3/4|6.14|6.14|1.80|2.50|2.50|0.188|0.687|0.180|1.07|1.06|0.590|0.771|3.09|1.91|1.07|1.31|1.63|0.868
2L2X2X3/8|9.40|9.40|2.74|2.00|2.00|0.375|0.632|0.343|0.952|1.26|0.696|0.591|2.05|1.73|1.02|0.865|1.14|0.847
2L2X2X3/8X3/8|9.40|9.40|2.74|2.00|2.00|0.375|0.632|0.343|0.952|1.26|0.696|0.591|2.80|2.25|1.28|1.01|1.25|0.874
2L2X2X3/8X3/4|9.40|9.40|2.74|2.00|2.00|0.375|0.632|0.343|0.952|1.26|0.696|0.591|3.75|2.76|1.58|1.17|1.38|0.897
2L2X2X5/16|7.84|7.84|2.32|2.00|2.00|0.313|0.609|0.290|0.828|1.07|0.596|0.598|1.69|1.41|0.845|0.853|1.14|0.841
2L2X2X5/16X3/8|7.84|7.84|2.32|2.00|2.00|0.313|0.609|0.290|0.828|1.07|0.596|0.598|2.30|1.85|1.05|0.996|1.25|0.868
2L2X2X5/16X3/4|7.84|7.84|2.32|2.00|2.00|0.313|0.609|0.290|0.828|1.07|0.596|0.598|3.07|2.28|1.29|1.15|1.37|0.891
2L2X2X1/4|6.38|6.38|1.89|2.00|2.00|0.250|0.586|0.236|0.692|0.880|0.488|0.605|1.34|1.11|0.670|0.842|1.13|0.835
2L2X2X1/4X3/8|6.38|6.38|1.89|2.00|2.00|0.250|0.586|0.236|0.692|0.880|0.488|0.605|1.82|1.46|0.832|0.982|1.24|0.862
2L2X2X1/4X3/4|6.38|6.38|1.89|2.00|2.00|0.250|0.586|0.236|0.692|0.880|0.488|0.605|2.46|1.81|1.04|1.14|1.37|0.886
2L2X2X3/16|4.88|4.88|1.44|2.00|2.00|0.188|0.561|0.181|0.542|0.676|0.376|0.612|0.994|0.810|0.497|0.831|1.13|0.830
2L2X2X3/16X3/8|4.88|4.88|1.44|2.00|2.00|0.188|0.561|0.181|0.542|0.676|0.376|0.612|1.35|1.08|0.617|0.967|1.24|0.857
2L2X2X3/16X3/4|4.88|4.88|1.44|2.00|2.00|0.188|0.561|0.181|0.542|0.676|0.376|0.612|1.81|1.35|0.762|1.12|1.36|0.882
2L2X2X1/8|3.30|3.30|0.982|2.00|2.00|0.125|0.534|0.123|0.378|0.460|0.258|0.620|0.657|0.524|0.328|0.818|1.13|0.826
2L2X2X1/8X3/8|3.30|3.30|0.982|2.00|2.00|0.125|0.534|0.123|0.378|0.460|0.258|0.620|0.888|0.709|0.406|0.951|1.23|0.853
2L2X2X1/8X3/4|3.30|3.30|0.982|2.00|2.00|0.125|0.534|0.123|0.378|0.460|0.258|0.620|1.19|0.893|0.501|1.10|1.35|0.877
2L8X6X1LLBB|88.4|88.4|26.2|8.00|6.00|1.00|2.65|1.45|162|54.6|30.2|2.49|150|43.2|25.0|2.39|4.06|0.721
2L8X6X1X3/8LLBB|88.4|88.4|26.2|8.00|6.00|1.00|2.65|1.45|162|54.6|30.2|2.49|166|48.1|26.8|2.52|4.14|0.732
2L8X6X1X3/4LLBB|88.4|88.4|26.2|8.00|6.00|1.00|2.65|1.45|162|54.6|30.2|2.49|185|53.1|29.0|2.66|4.23|0.742
2L8X6X7/8LLBB|78.2|78.2|23.0|8.00|6.00|0.875|2.60|1.43|145|48.6|26.8|2.50|129|36.8|21.5|2.37|4.07|0.718
2L8X6X7/8X3/8LLBB|78.2|78.2|23.0|8.00|6.00|0.875|2.60|1.43|145|48.6|26.8|2.50|144|41.1|23.3|2.50|4.14|0.728
2L8X6X7/8X3/4LLBB|78.2|78.2|23.0|8.00|6.00|0.875|2.60|1.43|145|48.6|26.8|2.50|159|45.4|24.9|2.63|4.23|0.739
2L8X6X3/4LLBB|67.6|67.6|20.0|8.00|6.00|0.750|2.55|1.34|127|42.2|23.4|2.52|110|31.2|18.3|2.35|4.07|0.714
2L8X6X3/4X3/8LLBB|67.6|67.6|20.0|8.00|6.00|0.750|2.55|1.34|127|42.2|23.4|2.52|122|34.9|19.7|2.47|4.15|0.725
2L8X6X3/4X3/4LLBB|67.6|67.6|20.0|8.00|6.00|0.750|2.55|1.34|127|42.2|23.4|2.52|136|38.7|21.3|2.61|4.23|0.735
2L8X6X5/8LLBB|57.0|57.0|16.8|8.00|6.00|0.625|2.50|1.27|108|35.8|19.7|2.54|91.2|25.4|15.2|2.33|4.08|0.712
2L8X6X5/8X3/8LLBB|57.0|57.0|16.8|8.00|6.00|0.625|2.50|1.27|108|35.8|19.7|2.54|101|28.6|16.3|2.45|4.16|0.722
2L8X6X5/8X3/4LLBB|57.0|57.0|16.8|8.00|6.00|0.625|2.50|1.27|108|35.8|19.7|2.54|113|31.7|17.7|2.59|4.24|0.732
2L8X6X9/16LLBB|51.4|51.4|15.2|8.00|6.00|0.563|2.48|1.24|98.8|32.4|17.9|2.55|81.8|22.7|13.6|2.32|4.09|0.710
2L8X6X9/16X3/8LLBB|51.4|51.4|15.2|8.00|6.00|0.563|2.48|1.24|98.8|32.4|17.9|2.55|90.5|25.5|14.6|2.44|4.16|0.720
2L8X6X9/16X3/4LLBB|51.4|51.4|15.2|8.00|6.00|0.563|2.48|1.24|98.8|32.4|17.9|2.55|101|28.4|15.8|2.58|4.24|0.731
2L8X6X1/2LLBB|46.0|46.0|13.6|8.00|6.00|0.500|2.46|1.20|88.8|29.2|16.0|2.55|72.6|19.9|12.1|2.31|4.09|0.709
2L8X6X1/2X3/8LLBB|46.0|46.0|13.6|8.00|6.00|0.500|2.46|1.20|88.8|29.2|16.0|2.55|80.3|22.4|13.0|2.43|4.16|0.719
2L8X6X1/2X3/4LLBB|46.0|46.0|13.6|8.00|6.00|0.500|2.46|1.20|88.8|29.2|16.0|2.55|89.1|25.0|14.0|2.56|4.24|0.729
2L8X6X7/16LLBB|40.4|40.4|12.0|8.00|6.00|0.438|2.43|1.15|78.6|25.8|14.1|2.56|63.5|17.3|10.6|2.30|4.09|0.708
2L8X6X7/16X3/8LLBB|40.4|40.4|12.0|8.00|6.00|0.438|2.43|1.15|78.6|25.8|14.1|2.56|70.3|19.5|11.4|2.42|4.16|0.718
2L8X6X7/16X3/4LLBB|40.4|40.4|12.0|8.00|6.00|0.438|2.43|1.15|78.6|25.8|14.1|2.56|78.0|21.7|12.2|2.55|4.24|0.728
2L8X4X1LLBB|74.8|74.8|22.2|8.00|4.00|1.00|3.03|2.45|139|48.6|28.0|2.51|47.3|23.1|11.8|1.46|3.86|0.568
2L8X4X1X3/8LLBB|74.8|74.8|22.2|8.00|4.00|1.00|3.03|2.45|139|48.6|28.0|2.51|56.8|27.3|13.6|1.60|3.91|0.580
2L8X4X1X3/4LLBB|74.8|74.8|22.2|8.00|4.00|1.00|3.03|2.45|139|48.6|28.0|2.51|68.0|31.4|15.5|1.75|3.97|0.594
2L8X4X7/8LLBB|66.2|66.2|19.6|8.00|4.00|0.875|2.99|2.41|125|43.4|25.0|2.53|40.6|19.5|10.2|1.44|3.87|0.566
2L8X4X7/8X3/8LLBB|66.2|66.2|19.6|8.00|4.00|0.875|2.99|2.41|125|43.4|25.0|2.53|48.3|23.2|11.5|1.57|3.92|0.577
2L8X4X7/8X3/4LLBB|66.2|66.2|19.6|8.00|4.00|0.875|2.99|2.41|125|43.4|25.0|2.53|58.0|26.9|13.3|1.72|3.98|0.590
2L8X4X3/4LLBB|57.4|57.4|17.0|8.00|4.00|0.750|2.94|2.34|110|37.8|21.8|2.55|34.3|16.1|8.57|1.42|3.88|0.564
2L8X4X3/4X3/8LLBB|57.4|57.4|17.0|8.00|4.00|0.750|2.94|2.34|110|37.8|21.8|2.55|40.8|19.3|9.74|1.55|3.93|0.575
2L8X4X3/4X3/4LLBB|57.4|57.4|17.0|8.00|4.00|0.750|2.94|2.34|110|37.8|21.8|2.55|48.6|22.5|11.1|1.69|3.99|0.587
2L8X4X5/8LLBB|48.4|48.4|14.3|8.00|4.00|0.625|2.89|2.27|94.0|32.2|18.4|2.56|27.6|12.9|6.90|1.39|3.89|0.562
2L8X4X5/8X3/8LLBB|48.4|48.4|14.3|8.00|4.00|0.625|2.89|2.27|94.0|32.2|18.4|2.56|33.0|15.6|7.88|1.52|3.94|0.573
2L8X4X5/8X3/4LLBB|48.4|48.4|14.3|8.00|4.00|0.625|2.89|2.27|94.0|32.2|18.4|2.56|39.4|18.3|9.01|1.66|3.99|0.585
2L8X4X9/16LLBB|43.8|43.8|13.0|8.00|4.00|0.563|2.86|2.23|85.8|29.2|16.7|2.57|24.8|11.4|6.20|1.38|3.90|0.562
2L8X4X9/16X3/8LLBB|43.8|43.8|13.0|8.00|4.00|0.563|2.86|2.23|85.8|29.2|16.7|2.57|29.6|13.8|7.07|1.51|3.94|0.572
2L8X4X9/16X3/4LLBB|43.8|43.8|13.0|8.00|4.00|0.563|2.86|2.23|85.8|29.2|16.7|2.57|35.4|16.3|8.09|1.65|4.00|0.584
2L8X4X1/2LLBB|39.2|39.2|11.6|8.00|4.00|0.500|2.84|2.20|77.2|26.2|15.0|2.58|22.1|9.91|5.52|1.38|3.90|0.561
2L8X4X1/2X3/8LLBB|39.2|39.2|11.6|8.00|4.00|0.500|2.84|2.20|77.2|26.2|15.0|2.58|26.1|12.1|6.23|1.50|3.95|0.571
2L8X4X1/2X3/4LLBB|39.2|39.2|11.6|8.00|4.00|0.500|2.84|2.20|77.2|26.2|15.0|2.58|30.8|14.3|7.04|1.63|4.00|0.583
2L8X4X7/16LLBB|34.4|34.4|10.2|8.00|4.00|0.438|2.81|2.16|68.4|23.2|13.2|2.59|19.1|8.47|4.78|1.37|3.91|0.561
2L8X4X7/16X3/8LLBB|34.4|34.4|10.2|8.00|4.00|0.438|2.81|2.16|68.4|23.2|13.2|2.59|22.6|10.4|5.40|1.49|3.95|0.571
2L8X4X7/16X3/4LLBB|34.4|34.4|10.2|8.00|4.00|0.438|2.81|2.16|68.4|23.2|13.2|2.59|26.8|12.3|6.13|1.62|4.00|0.582
2L7X4X3/4LLBB|52.4|52.4|15.5|7.00|4.00|0.750|2.50|1.84|75.6|29.6|16.8|2.21|34.0|15.5|8.50|1.48|3.41|0.611
2L7X4X3/4X3/8LLBB|52.4|52.4|15.5|7.00|4.00|0.750|2.50|1.84|75.6|29.6|16.8|2.21|40.2|18.4|9.60|1.61|3.47|0.624
2L7X4X3/4X3/4LLBB|52.4|52.4|15.5|7.00|4.00|0.750|2.50|1.84|75.6|29.6|16.8|2.21|47.5|21.3|10.9|1.75|3.53|0.639
2L7X4X5/8LLBB|44.2|44.2|13.0|7.00|4.00|0.625|2.45|1.80|64.8|25.0|14.2|2.23|27.3|12.5|6.82|1.45|3.42|0.608
2L7X4X5/8X3/8LLBB|44.2|44.2|13.0|7.00|4.00|0.625|2.45|1.80|64.8|25.0|14.2|2.23|32.5|14.9|7.76|1.58|3.47|0.621
2L7X4X5/8X3/4LLBB|44.2|44.2|13.0|7.00|4.00|0.625|2.45|1.80|64.8|25.0|14.2|2.23|38.9|17.3|8.89|1.73|3.54|0.635
2L7X4X1/2LLBB|35.8|35.8|10.5|7.00|4.00|0.500|2.40|1.74|53.2|20.4|11.6|2.25|21.8|9.57|5.45|1.44|3.43|0.606
2L7X4X1/2X3/8LLBB|35.8|35.8|10.5|7.00|4.00|0.500|2.40|1.74|53.2|20.4|11.6|2.25|25.6|11.5|6.11|1.56|3.48|0.618
2L7X4X1/2X3/4LLBB|35.8|35.8|10.5|7.00|4.00|0.500|2.40|1.74|53.2|20.4|11.6|2.25|30.3|13.5|6.93|1.70|3.55|0.632
2L7X4X7/16LLBB|31.4|31.4|9.26|7.00|4.00|0.438|2.38|1.71|47.2|18.1|10.2|2.26|18.9|8.20|4.72|1.43|3.43|0.605
2L7X4X7/16X3/8LLBB|31.4|31.4|9.26|7.00|4.00|0.438|2.38|1.71|47.2|18.1|10.2|2.26|22.2|9.94|5.30|1.55|3.49|0.617
2L7X4X7/16X3/4LLBB|31.4|31.4|9.26|7.00|4.00|0.438|2.38|1.71|47.2|18.1|10.2|2.26|26.1|11.7|5.97|1.68|3.55|0.630
2L7X4X3/8LLBB|27.2|27.2|8.00|7.00|4.00|0.375|2.35|1.67|41.0|15.6|8.84|2.27|16.1|6.89|4.03|1.42|3.44|0.605
2L7X4X3/8X3/8LLBB|27.2|27.2|8.00|7.00|4.00|0.375|2.35|1.67|41.0|15.6|8.84|2.27|19.0|8.39|4.54|1.54|3.49|0.616
2L7X4X3/8X3/4LLBB|27.2|27.2|8.00|7.00|4.00|0.375|2.35|1.67|41.0|15.6|8.84|2.27|22.3|9.89|5.10|1.67|3.55|0.629
2L6X4X7/8LLBB|54.4|54.4|16.0|6.00|4.00|0.875|2.12|1.43|55.4|25.4|14.3|1.86|39.4|17.9|9.85|1.57|2.96|0.678
2L6X4X7/8X3/8LLBB|54.4|54.4|16.0|6.00|4.00|0.875|2.12|1.43|55.4|25.4|14.3|1.86|46.8|20.9|11.2|1.71|3.04|0.694
2L6X4X7/8X3/4LLBB|54.4|54.4|16.0|6.00|4.00|0.875|2.12|1.43|55.4|25.4|14.3|1.86|55.4|23.9|12.7|1.86|3.12|0.710
2L6X4X3/4LLBB|47.2|47.2|13.9|6.00|4.00|0.750|2.07|1.37|49.0|22.2|12.5|1.88|33.4|14.9|8.35|1.55|2.97|0.673
2L6X4X3/4X3/8LLBB|47.2|47.2|13.9|6.00|4.00|0.750|2.07|1.37|49.0|22.2|12.5|1.88|39.2|17.5|9.36|1.68|3.04|0.688
2L6X4X3/4X3/4LLBB|47.2|47.2|13.9|6.00|4.00|0.750|2.07|1.37|49.0|22.2|12.5|1.88|46.5|20.1|10.6|1.83|3.12|0.705
2L6X4X5/8LLBB|40.0|40.0|11.7|6.00|4.00|0.625|2.03|1.31|42.0|18.9|10.6|1.89|27.4|12.1|6.85|1.53|2.98|0.669
2L6X4X5/8X3/8LLBB|40.0|40.0|11.7|6.00|4.00|0.625|2.03|1.31|42.0|18.9|10.6|1.89|32.2|14.3|7.69|1.66|3.05|0.684
2L6X4X5/8X3/4LLBB|40.0|40.0|11.7|6.00|4.00|0.625|2.03|1.31|42.0|18.9|10.6|1.89|37.9|16.5|8.66|1.80|3.13|0.700
2L6X4X9/16LLBB|36.2|36.2|10.6|6.00|4.00|0.563|2.00|1.28|38.4|17.2|9.62|1.90|24.5|10.6|6.12|1.52|2.98|0.667
2L6X4X9/16X3/8LLBB|36.2|36.2|10.6|6.00|4.00|0.563|2.00|1.28|38.4|17.2|9.62|1.90|28.9|12.6|6.90|1.65|3.05|0.682
2L6X4X9/16X3/4LLBB|36.2|36.2|10.6|6.00|4.00|0.563|2.00|1.28|38.4|17.2|9.62|1.90|34.0|14.6|7.77|1.79|3.13|0.697
2L6X4X1/2LLBB|32.4|32.4|9.50|6.00|4.00|0.500|1.98|1.25|34.6|15.4|8.62|1.91|21.7|9.32|5.42|1.51|2.99|0.665
2L6X4X1/2X3/8LLBB|32.4|32.4|9.50|6.00|4.00|0.500|1.98|1.25|34.6|15.4|8.62|1.91|25.6|11.1|6.11|1.64|3.05|0.679
2L6X4X1/2X3/4LLBB|32.4|32.4|9.50|6.00|4.00|0.500|1.98|1.25|34.6|15.4|8.62|1.91|29.8|12.9|6.81|1.77|3.13|0.695
2L6X4X7/16LLBB|28.6|28.6|8.36|6.00|4.00|0.438|1.95|1.22|30.8|13.6|7.62|1.92|18.8|8.00|4.70|1.50|2.99|0.663
2L6X4X7/16X3/8LLBB|28.6|28.6|8.36|6.00|4.00|0.438|1.95|1.22|30.8|13.6|7.62|1.92|21.9|9.57|5.23|1.62|3.06|0.678
2L6X4X7/16X3/4LLBB|28.6|28.6|8.36|6.00|4.00|0.438|1.95|1.22|30.8|13.6|7.62|1.92|25.9|11.1|5.92|1.76|3.13|0.693
2L6X4X3/8LLBB|24.6|24.6|7.22|6.00|4.00|0.375|1.93|1.19|26.8|11.8|6.60|1.93|16.0|6.74|4.00|1.49|2.99|0.662
2L6X4X3/8X3/8LLBB|24.6|24.6|7.22|6.00|4.00|0.375|1.93|1.19|26.8|11.8|6.60|1.93|18.7|8.09|4.47|1.61|3.06|0.676
2L6X4X3/8X3/4LLBB|24.6|24.6|7.22|6.00|4.00|0.375|1.93|1.19|26.8|11.8|6.60|1.93|22.1|9.44|5.05|1.75|3.13|0.691
2L6X4X5/16LLBB|20.6|20.6|6.06|6.00|4.00|0.313|1.90|1.15|22.8|9.92|5.54|1.94|13.3|5.50|3.32|1.48|3.00|0.661
2L6X4X5/16X3/8LLBB|20.6|20.6|6.06|6.00|4.00|0.313|1.90|1.15|22.8|9.92|5.54|1.94|15.5|6.64|3.70|1.60|3.06|0.674
2L6X4X5/16X3/4LLBB|20.6|20.6|6.06|6.00|4.00|0.313|1.90|1.15|22.8|9.92|5.54|1.94|18.3|7.77|4.18|1.74|3.13|0.689
2L6X3-1/2X1/2LLBB|30.6|30.6|9.00|6.00|3.50|0.500|2.07|1.50|33.2|15.0|8.46|1.92|14.5|7.46|4.14|1.27|2.94|0.615
2L6X3-1/2X1/2X3/8LLBB|30.6|30.6|9.00|6.00|3.50|0.500|2.07|1.50|33.2|15.0|8.46|1.92|17.6|9.15|4.77|1.40|2.99|0.630
2L6X3-1/2X1/2X3/4LLBB|30.6|30.6|9.00|6.00|3.50|0.500|2.07|1.50|33.2|15.0|8.46|1.92|21.3|10.8|5.50|1.54|3.06|0.646
2L6X3-1/2X3/8LLBB|23.4|23.4|6.88|6.00|3.50|0.375|2.02|1.41|25.8|11.5|6.46|1.93|10.9|5.37|3.11|1.26|2.95|0.613
2L6X3-1/2X3/8X3/8LLBB|23.4|23.4|6.88|6.00|3.50|0.375|2.02|1.41|25.8|11.5|6.46|1.93|13.1|6.66|3.55|1.38|3.00|0.627
2L6X3-1/2X3/8X3/4LLBB|23.4|23.4|6.88|6.00|3.50|0.375|2.02|1.41|25.8|11.5|6.46|1.93|15.9|7.95|4.10|1.52|3.07|0.642
2L6X3-1/2X5/16LLBB|19.6|19.6|5.78|6.00|3.50|0.313|2.00|1.38|21.8|9.68|5.44|1.94|9.03|4.37|2.58|1.25|2.95|0.612
2L6X3-1/2X5/16X3/8LLBB|19.6|19.6|5.78|6.00|3.50|0.313|2.00|1.38|21.8|9.68|5.44|1.94|10.8|5.45|2.93|1.37|3.00|0.625
2L6X3-1/2X5/16X3/4LLBB|19.6|19.6|5.78|6.00|3.50|0.313|2.00|1.38|21.8|9.68|5.44|1.94|13.0|6.54|3.35|1.50|3.07|0.641
2L5X3-1/2X3/4LLBB|39.6|39.6|11.7|5.00|3.50|0.750|1.74|1.10|27.8|15.2|8.52|1.55|22.6|11.6|6.46|1.39|2.49|0.699
2L5X3-1/2X3/4X3/8LLBB|39.6|39.6|11.7|5.00|3.50|0.750|1.74|1.10|27.8|15.2|8.52|1.55|27.4|13.8|7.43|1.53|2.57|0.717
2L5X3-1/2X3/4X3/4LLBB|39.6|39.6|11.7|5.00|3.50|0.750|1.74|1.10|27.8|15.2|8.52|1.55|33.0|16.0|8.52|1.68|2.66|0.736
2L5X3-1/2X5/8LLBB|33.6|33.6|9.86|5.00|3.50|0.625|1.69|1.06|24.0|13.0|7.26|1.56|18.5|9.34|5.29|1.37|2.49|0.693
2L5X3-1/2X5/8X3/8LLBB|33.6|33.6|9.86|5.00|3.50|0.625|1.69|1.06|24.0|13.0|7.26|1.56|22.2|11.2|6.02|1.50|2.57|0.711
2L5X3-1/2X5/8X3/4LLBB|33.6|33.6|9.86|5.00|3.50|0.625|1.69|1.06|24.0|13.0|7.26|1.56|26.8|13.0|6.92|1.65|2.66|0.730
2L5X3-1/2X1/2LLBB|27.2|27.2|8.00|5.00|3.50|0.500|1.65|1.00|20.0|10.7|5.94|1.58|14.6|7.21|4.17|1.35|2.50|0.688
2L5X3-1/2X1/2X3/8LLBB|27.2|27.2|8.00|5.00|3.50|0.500|1.65|1.00|20.0|10.7|5.94|1.58|17.5|8.71|4.75|1.48|2.58|0.705
2L5X3-1/2X1/2X3/4LLBB|27.2|27.2|8.00|5.00|3.50|0.500|1.65|1.00|20.0|10.7|5.94|1.58|21.0|10.2|5.42|1.62|2.66|0.724
2L5X3-1/2X3/8LLBB|20.8|20.8|6.10|5.00|3.50|0.375|1.60|0.933|15.5|8.18|4.56|1.59|10.8|5.21|3.09|1.33|2.51|0.683
2L5X3-1/2X3/8X3/8LLBB|20.8|20.8|6.10|5.00|3.50|0.375|1.60|0.933|15.5|8.18|4.56|1.59|13.0|6.35|3.53|1.46|2.58|0.700
2L5X3-1/2X3/8X3/4LLBB|20.8|20.8|6.10|5.00|3.50|0.375|1.60|0.933|15.5|8.18|4.56|1.59|15.4|7.50|3.97|1.59|2.66|0.718
2L5X3-1/2X5/16LLBB|17.4|17.4|5.12|5.00|3.50|0.313|1.57|0.904|13.2|6.90|3.84|1.60|8.92|4.24|2.55|1.32|2.51|0.682
2L5X3-1/2X5/16X3/8LLBB|17.4|17.4|5.12|5.00|3.50|0.313|1.57|0.904|13.2|6.90|3.84|1.60|10.6|5.20|2.87|1.44|2.58|0.698
2L5X3-1/2X5/16X3/4LLBB|17.4|17.4|5.12|5.00|3.50|0.313|1.57|0.904|13.2|6.90|3.84|1.60|12.8|6.16|3.30|1.58|2.66|0.716
2L5X3-1/2X1/4LLBB|14.0|14.0|4.14|5.00|3.50|0.250|1.55|0.860|10.7|5.56|3.10|1.61|7.10|3.33|2.03|1.31|2.52|0.680
2L5X3-1/2X1/4X3/8LLBB|14.0|14.0|4.14|5.00|3.50|0.250|1.55|0.860|10.7|5.56|3.10|1.61|8.47|4.10|2.30|1.43|2.58|0.696
2L5X3-1/2X1/4X3/4LLBB|14.0|14.0|4.14|5.00|3.50|0.250|1.55|0.860|10.7|5.56|3.10|1.61|10.2|4.88|2.63|1.57|2.66|0.714
2L5X3X1/2LLBB|25.6|25.6|7.50|5.00|3.00|0.500|1.74|1.25|18.9|10.2|5.78|1.58|9.24|5.60|3.08|1.11|2.44|0.628
2L5X3X1/2X3/8LLBB|25.6|25.6|7.50|5.00|3.00|0.500|1.74|1.25|18.9|10.2|5.78|1.58|11.5|7.00|3.61|1.24|2.51|0.646
2L5X3X1/2X3/4LLBB|25.6|25.6|7.50|5.00|3.00|0.500|1.74|1.25|18.9|10.2|5.78|1.58|14.5|8.41|4.30|1.39|2.58|0.667
2L5X3X7/16LLBB|22.6|22.6|6.62|5.00|3.00|0.438|1.72|1.22|16.8|9.06|5.12|1.59|8.01|4.78|2.67|1.10|2.45|0.626
2L5X3X7/16X3/8LLBB|22.6|22.6|6.62|5.00|3.00|0.438|1.72|1.22|16.8|9.06|5.12|1.59|10.0|6.02|3.14|1.23|2.51|0.644
2L5X3X7/16X3/4LLBB|22.6|22.6|6.62|5.00|3.00|0.438|1.72|1.22|16.8|9.06|5.12|1.59|12.6|7.26|3.73|1.38|2.58|0.664
2L5X3X3/8LLBB|19.6|19.6|5.72|5.00|3.00|0.375|1.69|1.19|14.7|7.86|4.44|1.60|6.80|3.99|2.27|1.09|2.45|0.624
2L5X3X3/8X3/8LLBB|19.6|19.6|5.72|5.00|3.00|0.375|1.69|1.19|14.7|7.86|4.44|1.60|8.51|5.07|2.67|1.22|2.51|0.642
2L5X3X3/8X3/4LLBB|19.6|19.6|5.72|5.00|3.00|0.375|1.69|1.19|14.7|7.86|4.44|1.60|10.6|6.14|3.14|1.36|2.59|0.661
2L5X3X5/16LLBB|16.4|16.4|4.82|5.00|3.00|0.313|1.67|1.14|12.5|6.64|3.74|1.61|5.62|3.24|1.87|1.08|2.46|0.623
2L5X3X5/16X3/8LLBB|16.4|16.4|4.82|5.00|3.00|0.313|1.67|1.14|12.5|6.64|3.74|1.61|7.06|4.15|2.21|1.21|2.52|0.640
2L5X3X5/16X3/4LLBB|16.4|16.4|4.82|5.00|3.00|0.313|1.67|1.14|12.5|6.64|3.74|1.61|8.78|5.05|2.60|1.35|2.59|0.659
2L5X3X1/4LLBB|13.2|13.2|3.88|5.00|3.00|0.250|1.64|1.12|10.2|5.36|3.02|1.62|4.44|2.51|1.48|1.07|2.46|0.622
2L5X3X1/4X3/8LLBB|13.2|13.2|3.88|5.00|3.00|0.250|1.64|1.12|10.2|5.36|3.02|1.62|5.49|3.24|1.72|1.19|2.52|0.638
2L5X3X1/4X3/4LLBB|13.2|13.2|3.88|5.00|3.00|0.250|1.64|1.12|10.2|5.36|3.02|1.62|6.86|3.97|2.03|1.33|2.59|0.657
2L4X3-1/2X1/2LLBB|23.8|23.8|7.00|4.00|3.50|0.500|1.24|0.500|10.6|6.92|3.84|1.23|14.5|6.96|4.14|1.44|2.14|0.784
2L4X3-1/2X1/2X3/8LLBB|23.8|23.8|7.00|4.00|3.50|0.500|1.24|0.500|10.6|6.92|3.84|1.23|17.3|8.27|4.69|1.57|2.23|0.802
2L4X3-1/2X1/2X3/4LLBB|23.8|23.8|7.00|4.00|3.50|0.500|1.24|0.500|10.6|6.92|3.84|1.23|20.7|9.58|5.34|1.72|2.33|0.819
2L4X3-1/2X3/8LLBB|18.2|18.2|5.36|4.00|3.50|0.375|1.20|0.427|8.30|5.32|2.96|1.25|10.8|5.08|3.09|1.42|2.14|0.778
2L4X3-1/2X3/8X3/8LLBB|18.2|18.2|5.36|4.00|3.50|0.375|1.20|0.427|8.30|5.32|2.96|1.25|12.9|6.08|3.50|1.55|2.23|0.795
2L4X3-1/2X3/8X3/4LLBB|18.2|18.2|5.36|4.00|3.50|0.375|1.20|0.427|8.30|5.32|2.96|1.25|15.3|7.09|3.95|1.69|2.33|0.813
2L4X3-1/2X5/16LLBB|15.4|15.4|4.50|4.00|3.50|0.313|1.17|0.400|7.06|4.48|2.50|1.25|8.82|4.15|2.52|1.40|2.14|0.775
2L4X3-1/2X5/16X3/8LLBB|15.4|15.4|4.50|4.00|3.50|0.313|1.17|0.400|7.06|4.48|2.50|1.25|10.5|5.00|2.85|1.53|2.23|0.792
2L4X3-1/2X5/16X3/4LLBB|15.4|15.4|4.50|4.00|3.50|0.313|1.17|0.400|7.06|4.48|2.50|1.25|12.7|5.84|3.28|1.68|2.33|0.810
2L4X3-1/2X1/4LLBB|12.4|12.4|3.64|4.00|3.50|0.250|1.14|0.360|5.78|3.62|2.02|1.26|7.03|3.27|2.01|1.39|2.14|0.773
2L4X3-1/2X1/4X3/8LLBB|12.4|12.4|3.64|4.00|3.50|0.250|1.14|0.360|5.78|3.62|2.02|1.26|8.41|3.95|2.28|1.52|2.22|0.790
2L4X3-1/2X1/4X3/4LLBB|12.4|12.4|3.64|4.00|3.50|0.250|1.14|0.360|5.78|3.62|2.02|1.26|10.0|4.63|2.58|1.66|2.32|0.807
2L4X3X5/8LLBB|27.2|27.2|7.98|4.00|3.00|0.625|1.37|0.808|12.0|8.16|4.56|1.23|11.7|6.92|3.90|1.21|2.02|0.728
2L4X3X5/8X3/8LLBB|27.2|27.2|7.98|4.00|3.00|0.625|1.37|0.808|12.0|8.16|4.56|1.23|14.5|8.41|4.55|1.35|2.11|0.750
2L4X3X5/8X3/4LLBB|27.2|27.2|7.98|4.00|3.00|0.625|1.37|0.808|12.0|8.16|4.56|1.23|18.0|9.91|5.33|1.50|2.21|0.773
2L4X3X1/2LLBB|22.2|22.2|6.50|4.00|3.00|0.500|1.32|0.750|10.0|6.72|3.74|1.24|9.20|5.34|3.07|1.19|2.02|0.721
2L4X3X1/2X3/8LLBB|22.2|22.2|6.50|4.00|3.00|0.500|1.32|0.750|10.0|6.72|3.74|1.24|11.3|6.56|3.55|1.32|2.11|0.743
2L4X3X1/2X3/4LLBB|22.2|22.2|6.50|4.00|3.00|0.500|1.32|0.750|10.0|6.72|3.74|1.24|14.0|7.78|4.15|1.47|2.20|0.765
2L4X3X3/8LLBB|17.0|17.0|4.98|4.00|3.00|0.375|1.27|0.680|7.88|5.20|2.88|1.26|6.82|3.86|2.27|1.17|2.03|0.715
2L4X3X3/8X3/8LLBB|17.0|17.0|4.98|4.00|3.00|0.375|1.27|0.680|7.88|5.20|2.88|1.26|8.42|4.79|2.64|1.30|2.11|0.736
2L4X3X3/8X3/4LLBB|17.0|17.0|4.98|4.00|3.00|0.375|1.27|0.680|7.88|5.20|2.88|1.26|10.3|5.73|3.05|1.44|2.20|0.757
2L4X3X5/16LLBB|14.4|14.4|4.18|4.00|3.00|0.313|1.25|0.656|6.72|4.38|2.44|1.27|5.62|3.14|1.87|1.16|2.03|0.712
2L4X3X5/16X3/8LLBB|14.4|14.4|4.18|4.00|3.00|0.313|1.25|0.656|6.72|4.38|2.44|1.27|6.96|3.92|2.18|1.29|2.11|0.733
2L4X3X5/16X3/4LLBB|14.4|14.4|4.18|4.00|3.00|0.313|1.25|0.656|6.72|4.38|2.44|1.27|8.55|4.70|2.53|1.43|2.20|0.754
2L4X3X1/4LLBB|11.6|11.6|3.38|4.00|3.00|0.250|1.22|0.620|5.50|3.54|1.98|1.27|4.47|2.45|1.49|1.15|2.03|0.710
2L4X3X1/4X3/8LLBB|11.6|11.6|3.38|4.00|3.00|0.250|1.22|0.620|5.50|3.54|1.98|1.27|5.45|3.08|1.71|1.27|2.11|0.730
2L4X3X1/4X3/4LLBB|11.6|11.6|3.38|4.00|3.00|0.250|1.22|0.620|5.50|3.54|1.98|1.27|6.72|3.72|1.99|1.41|2.20|0.751
2L3-1/2X3X1/2LLBB|20.4|20.4|6.04|3.50|3.00|0.500|1.12|0.480|6.90|5.22|2.90|1.07|9.14|5.25|3.05|1.23|1.85|0.780
2L3-1/2X3X1/2X3/8LLBB|20.4|20.4|6.04|3.50|3.00|0.500|1.12|0.480|6.90|5.22|2.90|1.07|11.3|6.38|3.55|1.37|1.94|0.801
2L3-1/2X3X1/2X3/4LLBB|20.4|20.4|6.04|3.50|3.00|0.500|1.12|0.480|6.90|5.22|2.90|1.07|14.0|7.51|4.15|1.52|2.05|0.822
2L3-1/2X3X7/16LLBB|18.2|18.2|5.34|3.50|3.00|0.438|1.09|0.449|6.20|4.64|2.58|1.08|7.95|4.52|2.65|1.22|1.85|0.776
2L3-1/2X3X7/16X3/8LLBB|18.2|18.2|5.34|3.50|3.00|0.438|1.09|0.449|6.20|4.64|2.58|1.08|9.88|5.52|3.10|1.36|1.94|0.797
2L3-1/2X3X7/16X3/4LLBB|18.2|18.2|5.34|3.50|3.00|0.438|1.09|0.449|6.20|4.64|2.58|1.08|12.2|6.52|3.61|1.51|2.05|0.818
2L3-1/2X3X3/8LLBB|15.8|15.8|4.64|3.50|3.00|0.375|1.07|0.407|5.46|4.06|2.24|1.09|6.79|3.82|2.26|1.21|1.85|0.773
2L3-1/2X3X3/8X3/8LLBB|15.8|15.8|4.64|3.50|3.00|0.375|1.07|0.407|5.46|4.06|2.24|1.09|8.46|4.69|2.65|1.35|1.94|0.794
2L3-1/2X3X3/8X3/4LLBB|15.8|15.8|4.64|3.50|3.00|0.375|1.07|0.407|5.46|4.06|2.24|1.09|10.3|5.56|3.05|1.49|2.05|0.814
2L3-1/2X3X5/16LLBB|13.2|13.2|3.90|3.50|3.00|0.313|1.05|0.380|4.66|3.44|1.90|1.09|5.62|3.11|1.87|1.20|1.85|0.770
2L3-1/2X3X5/16X3/8LLBB|13.2|13.2|3.90|3.50|3.00|0.313|1.05|0.380|4.66|3.44|1.90|1.09|6.90|3.84|2.16|1.33|1.94|0.790
2L3-1/2X3X5/16X3/4LLBB|13.2|13.2|3.90|3.50|3.00|0.313|1.05|0.380|4.66|3.44|1.90|1.09|8.54|4.57|2.53|1.48|2.04|0.811
2L3-1/2X3X1/4LLBB|10.8|10.8|3.16|3.50|3.00|0.250|1.02|0.340|3.84|2.78|1.55|1.10|4.47|2.44|1.49|1.19|1.85|0.767
2L3-1/2X3X1/4X3/8LLBB|10.8|10.8|3.16|3.50|3.00|0.250|1.02|0.340|3.84|2.78|1.55|1.10|5.51|3.04|1.73|1.32|1.94|0.787
2L3-1/2X3X1/4X3/4LLBB|10.8|10.8|3.16|3.50|3.00|0.250|1.02|0.340|3.84|2.78|1.55|1.10|6.74|3.63|2.00|1.46|2.04|0.807
2L3-1/2X2-1/2X1/2LLBB|18.8|18.8|5.54|3.50|2.50|0.500|1.20|0.730|6.48|5.04|2.82|1.08|5.45|3.88|2.18|0.992|1.75|0.706
2L3-1/2X2-1/2X1/2X3/8LLBB|18.8|18.8|5.54|3.50|2.50|0.500|1.20|0.730|6.48|5.04|2.82|1.08|7.07|4.92|2.63|1.13|1.83|0.732
2L3-1/2X2-1/2X1/2X3/4LLBB|18.8|18.8|5.54|3.50|2.50|0.500|1.20|0.730|6.48|5.04|2.82|1.08|9.08|5.96|3.16|1.28|1.93|0.759
2L3-1/2X2-1/2X3/8LLBB|14.4|14.4|4.24|3.50|2.50|0.375|1.15|0.673|5.12|3.92|2.18|1.10|3.99|2.78|1.60|0.970|1.75|0.698
2L3-1/2X2-1/2X3/8X3/8LLBB|14.4|14.4|4.24|3.50|2.50|0.375|1.15|0.673|5.12|3.92|2.18|1.10|5.22|3.57|1.94|1.11|1.83|0.724
2L3-1/2X2-1/2X3/8X3/4LLBB|14.4|14.4|4.24|3.50|2.50|0.375|1.15|0.673|5.12|3.92|2.18|1.10|6.63|4.37|2.31|1.25|1.93|0.750
2L3-1/2X2-1/2X5/16LLBB|12.2|12.2|3.58|3.50|2.50|0.313|1.13|0.636|4.40|3.34|1.85|1.11|3.30|2.26|1.32|0.960|1.76|0.695
2L3-1/2X2-1/2X5/16X3/8LLBB|12.2|12.2|3.58|3.50|2.50|0.313|1.13|0.636|4.40|3.34|1.85|1.11|4.25|2.93|1.58|1.09|1.83|0.720
2L3-1/2X2-1/2X5/16X3/4LLBB|12.2|12.2|3.58|3.50|2.50|0.313|1.13|0.636|4.40|3.34|1.85|1.11|5.50|3.61|1.91|1.24|1.92|0.746
2L3-1/2X2-1/2X1/4LLBB|9.80|9.80|2.90|3.50|2.50|0.250|1.10|0.600|3.62|2.72|1.51|1.12|2.62|1.76|1.05|0.950|1.76|0.693
2L3-1/2X2-1/2X1/4X3/8LLBB|9.80|9.80|2.90|3.50|2.50|0.250|1.10|0.600|3.62|2.72|1.51|1.12|3.38|2.30|1.26|1.08|1.83|0.717
2L3-1/2X2-1/2X1/4X3/4LLBB|9.80|9.80|2.90|3.50|2.50|0.250|1.10|0.600|3.62|2.72|1.51|1.12|4.32|2.85|1.50|1.22|1.92|0.742
2L3X2-1/2X1/2LLBB|17.0|17.0|5.00|3.00|2.50|0.500|0.995|0.500|4.14|3.72|2.06|0.910|5.41|3.73|2.16|1.04|1.57|0.774
2L3X2-1/2X1/2X3/8LLBB|17.0|17.0|5.00|3.00|2.50|0.500|0.995|0.500|4.14|3.72|2.06|0.910|6.96|4.67|2.59|1.18|1.66|0.800
2L3X2-1/2X1/2X3/4LLBB|17.0|17.0|5.00|3.00|2.50|0.500|0.995|0.500|4.14|3.72|2.06|0.910|8.84|5.60|3.07|1.33|1.78|0.824
2L3X2-1/2X7/16LLBB|15.2|15.2|4.44|3.00|2.50|0.438|0.972|0.463|3.74|3.32|1.84|0.917|4.62|3.21|1.85|1.02|1.57|0.769
2L3X2-1/2X7/16X3/8LLBB|15.2|15.2|4.44|3.00|2.50|0.438|0.972|0.463|3.74|3.32|1.84|0.917|5.97|4.05|2.22|1.16|1.66|0.795
2L3X2-1/2X7/16X3/4LLBB|15.2|15.2|4.44|3.00|2.50|0.438|0.972|0.463|3.74|3.32|1.84|0.917|7.74|4.88|2.69|1.32|1.77|0.819
2L3X2-1/2X3/8LLBB|13.2|13.2|3.86|3.00|2.50|0.375|0.949|0.427|3.30|2.90|1.61|0.924|3.94|2.71|1.58|1.01|1.57|0.764
2L3X2-1/2X3/8X3/8LLBB|13.2|13.2|3.86|3.00|2.50|0.375|0.949|0.427|3.30|2.90|1.61|0.924|5.10|3.43|1.90|1.15|1.66|0.790
2L3X2-1/2X3/8X3/4LLBB|13.2|13.2|3.86|3.00|2.50|0.375|0.949|0.427|3.30|2.90|1.61|0.924|6.52|4.15|2.27|1.30|1.77|0.815
2L3X2-1/2X5/16LLBB|11.2|11.2|3.26|3.00|2.50|0.313|0.925|0.392|2.82|2.46|1.36|0.932|3.26|2.21|1.30|1.00|1.57|0.760
2L3X2-1/2X5/16X3/8LLBB|11.2|11.2|3.26|3.00|2.50|0.313|0.925|0.392|2.82|2.46|1.36|0.932|4.24|2.82|1.58|1.14|1.66|0.785
2L3X2-1/2X5/16X3/4LLBB|11.2|11.2|3.26|3.00|2.50|0.313|0.925|0.392|2.82|2.46|1.36|0.932|5.42|3.43|1.89|1.29|1.76|0.810
2L3X2-1/2X1/4LLBB|9.00|9.00|2.64|3.00|2.50|0.250|0.900|0.360|2.32|2.00|1.11|0.940|2.59|1.72|1.04|0.991|1.57|0.756
2L3X2-1/2X1/4X3/8LLBB|9.00|9.00|2.64|3.00|2.50|0.250|0.900|0.360|2.32|2.00|1.11|0.940|3.31|2.22|1.23|1.12|1.66|0.781
2L3X2-1/2X1/4X3/4LLBB|9.00|9.00|2.64|3.00|2.50|0.250|0.900|0.360|2.32|2.00|1.11|0.940|4.26|2.71|1.48|1.27|1.76|0.806
2L3X2-1/2X3/16LLBB|6.78|6.78|2.00|3.00|2.50|0.188|0.874|0.333|1.80|1.52|0.846|0.947|1.92|1.25|0.768|0.980|1.57|0.753
2L3X2-1/2X3/16X3/8LLBB|6.78|6.78|2.00|3.00|2.50|0.188|0.874|0.333|1.80|1.52|0.846|0.947|2.46|1.63|0.915|1.11|1.65|0.778
2L3X2-1/2X3/16X3/4LLBB|6.78|6.78|2.00|3.00|2.50|0.188|0.874|0.333|1.80|1.52|0.846|0.947|3.13|2.00|1.09|1.25|1.75|0.802
2L3X2X1/2LLBB|15.4|15.4|4.52|3.00|2.00|0.500|1.08|0.740|3.84|3.56|2.00|0.922|2.86|2.62|1.43|0.795|1.47|0.684
2L3X2X1/2X3/8LLBB|15.4|15.4|4.52|3.00|2.00|0.500|1.08|0.740|3.84|3.56|2.00|0.922|3.99|3.47|1.82|0.940|1.55|0.717
2L3X2X1/2X3/4LLBB|15.4|15.4|4.52|3.00|2.00|0.500|1.08|0.740|3.84|3.56|2.00|0.922|5.47|4.32|2.30|1.10|1.66|0.751
2L3X2X3/8LLBB|11.8|11.8|3.50|3.00|2.00|0.375|1.03|0.667|3.08|2.78|1.56|0.937|2.08|1.87|1.04|0.771|1.48|0.675
2L3X2X3/8X3/8LLBB|11.8|11.8|3.50|3.00|2.00|0.375|1.03|0.667|3.08|2.78|1.56|0.937|2.90|2.53|1.33|0.911|1.55|0.707
2L3X2X3/8X3/4LLBB|11.8|11.8|3.50|3.00|2.00|0.375|1.03|0.667|3.08|2.78|1.56|0.937|4.01|3.18|1.69|1.07|1.65|0.739
2L3X2X5/16LLBB|10.0|10.0|2.96|3.00|2.00|0.313|1.01|0.632|2.64|2.38|1.32|0.945|1.71|1.51|0.855|0.760|1.48|0.671
2L3X2X5/16X3/8LLBB|10.0|10.0|2.96|3.00|2.00|0.313|1.01|0.632|2.64|2.38|1.32|0.945|2.38|2.07|1.09|0.897|1.56|0.702
2L3X2X5/16X3/4LLBB|10.0|10.0|2.96|3.00|2.00|0.313|1.01|0.632|2.64|2.38|1.32|0.945|3.26|2.62|1.37|1.05|1.65|0.734
2L3X2X1/4LLBB|8.20|8.20|2.40|3.00|2.00|0.250|0.980|0.600|2.18|1.94|1.08|0.953|1.35|1.17|0.675|0.749|1.48|0.668
2L3X2X1/4X3/8LLBB|8.20|8.20|2.40|3.00|2.00|0.250|0.980|0.600|2.18|1.94|1.08|0.953|1.87|1.62|0.855|0.883|1.56|0.698
2L3X2X1/4X3/4LLBB|8.20|8.20|2.40|3.00|2.00|0.250|0.980|0.600|2.18|1.94|1.08|0.953|2.55|2.07|1.07|1.03|1.65|0.730
2L3X2X3/16LLBB|6.14|6.14|1.83|3.00|2.00|0.188|0.952|0.555|1.69|1.49|0.828|0.961|0.999|0.847|0.500|0.739|1.49|0.666
2L3X2X3/16X3/8LLBB|6.14|6.14|1.83|3.00|2.00|0.188|0.952|0.555|1.69|1.49|0.828|0.961|1.38|1.19|0.631|0.869|1.55|0.695
2L3X2X3/16X3/4LLBB|6.14|6.14|1.83|3.00|2.00|0.188|0.952|0.555|1.69|1.49|0.828|0.961|1.90|1.54|0.800|1.02|1.64|0.726
2L2-1/2X2X3/8LLBB|10.6|10.6|3.10|2.50|2.00|0.375|0.826|0.433|1.83|1.96|1.09|0.766|2.06|1.79|1.03|0.815|1.29|0.754
2L2-1/2X2X3/8X3/8LLBB|10.6|10.6|3.10|2.50|2.00|0.375|0.826|0.433|1.83|1.96|1.09|0.766|2.84|2.37|1.30|0.957|1.38|0.786
2L2-1/2X2X3/8X3/4LLBB|10.6|10.6|3.10|2.50|2.00|0.375|0.826|0.433|1.83|1.96|1.09|0.766|3.82|2.95|1.61|1.11|1.49|0.817
2L2-1/2X2X5/16LLBB|9.00|9.00|2.64|2.50|2.00|0.313|0.803|0.388|1.58|1.68|0.930|0.774|1.71|1.47|0.855|0.804|1.29|0.748
2L2-1/2X2X5/16X3/8LLBB|9.00|9.00|2.64|2.50|2.00|0.313|0.803|0.388|1.58|1.68|0.930|0.774|2.35|1.96|1.07|0.943|1.38|0.781
2L2-1/2X2X5/16X3/4LLBB|9.00|9.00|2.64|2.50|2.00|0.313|0.803|0.388|1.58|1.68|0.930|0.774|3.19|2.46|1.34|1.10|1.49|0.812
2L2-1/2X2X1/4LLBB|7.24|7.24|2.14|2.50|2.00|0.250|0.779|0.360|1.31|1.38|0.762|0.782|1.35|1.14|0.675|0.794|1.29|0.744
2L2-1/2X2X1/4X3/8LLBB|7.24|7.24|2.14|2.50|2.00|0.250|0.779|0.360|1.31|1.38|0.762|0.782|1.85|1.54|0.846|0.930|1.38|0.775
2L2-1/2X2X1/4X3/4LLBB|7.24|7.24|2.14|2.50|2.00|0.250|0.779|0.360|1.31|1.38|0.762|0.782|2.50|1.94|1.05|1.08|1.49|0.806
2L2-1/2X2X3/16LLBB|5.50|5.50|1.64|2.50|2.00|0.188|0.754|0.319|1.02|1.06|0.586|0.790|1.01|0.831|0.505|0.784|1.29|0.740
2L2-1/2X2X3/16X3/8LLBB|5.50|5.50|1.64|2.50|2.00|0.188|0.754|0.319|1.02|1.06|0.586|0.790|1.38|1.14|0.631|0.916|1.38|0.771
2L2-1/2X2X3/16X3/4LLBB|5.50|5.50|1.64|2.50|2.00|0.188|0.754|0.319|1.02|1.06|0.586|0.790|1.88|1.44|0.792|1.07|1.48|0.801
2L2-1/2X1-1/2X1/4LLBB|6.38|6.38|1.89|2.50|1.50|0.250|0.866|0.606|1.19|1.29|0.728|0.790|0.574|0.705|0.383|0.551|1.21|0.629
2L2-1/2X1-1/2X1/4X3/8LLBB|6.38|6.38|1.89|2.50|1.50|0.250|0.866|0.606|1.19|1.29|0.728|0.790|0.902|1.06|0.535|0.691|1.28|0.668
2L2-1/2X1-1/2X1/4X3/4LLBB|6.38|6.38|1.89|2.50|1.50|0.250|0.866|0.606|1.19|1.29|0.728|0.790|1.37|1.41|0.731|0.850|1.38|0.711
2L2-1/2X1-1/2X3/16LLBB|4.88|4.88|1.45|2.50|1.50|0.188|0.839|0.569|0.928|0.994|0.560|0.800|0.424|0.502|0.283|0.541|1.22|0.625
2L2-1/2X1-1/2X3/16X3/8LLBB|4.88|4.88|1.45|2.50|1.50|0.188|0.839|0.569|0.928|0.994|0.560|0.800|0.665|0.774|0.394|0.677|1.29|0.662
2L2-1/2X1-1/2X3/16X3/4LLBB|4.88|4.88|1.45|2.50|1.50|0.188|0.839|0.569|0.928|0.994|0.560|0.800|1.01|1.05|0.539|0.833|1.38|0.704
2L8X6X1SLBB|88.4|88.4|26.2|6.00|8.00|1.00|1.65|0.819|77.6|32.4|17.8|1.72|345|69.4|43.1|3.63|4.18|0.924
2L8X6X1X3/8SLBB|88.4|88.4|26.2|6.00|8.00|1.00|1.65|0.819|77.6|32.4|17.8|1.72|372|74.3|45.4|3.77|4.30|0.929
2L8X6X1X3/4SLBB|88.4|88.4|26.2|6.00|8.00|1.00|1.65|0.819|77.6|32.4|17.8|1.72|401|79.3|47.9|3.91|4.43|0.933
2L8X6X7/8SLBB|78.2|78.2|23.0|6.00|8.00|0.875|1.60|0.719|69.8|28.7|15.9|1.74|300|59.8|37.5|3.61|4.17|0.922
2L8X6X7/8X3/8SLBB|78.2|78.2|23.0|6.00|8.00|0.875|1.60|0.719|69.8|28.7|15.9|1.74|323|64.1|39.5|3.75|4.29|0.926
2L8X6X7/8X3/4SLBB|78.2|78.2|23.0|6.00|8.00|0.875|1.60|0.719|69.8|28.7|15.9|1.74|348|68.4|41.6|3.89|4.42|0.930
2L8X6X3/4SLBB|67.6|67.6|20.0|6.00|8.00|0.750|1.56|0.624|61.5|24.9|13.8|1.75|258|50.9|32.2|3.59|4.17|0.919
2L8X6X3/4X3/8SLBB|67.6|67.6|20.0|6.00|8.00|0.750|1.56|0.624|61.5|24.9|13.8|1.75|277|54.7|33.8|3.72|4.28|0.924
2L8X6X3/4X3/4SLBB|67.6|67.6|20.0|6.00|8.00|0.750|1.56|0.624|61.5|24.9|13.8|1.75|298|58.4|35.6|3.86|4.40|0.928
2L8X6X5/8SLBB|57.0|57.0|16.8|6.00|8.00|0.625|1.51|0.526|52.8|21.0|11.8|1.77|214|42.0|26.8|3.57|4.16|0.917
2L8X6X5/8X3/8SLBB|57.0|57.0|16.8|6.00|8.00|0.625|1.51|0.526|52.8|21.0|11.8|1.77|230|45.2|28.1|3.70|4.27|0.921
2L8X6X5/8X3/4SLBB|57.0|57.0|16.8|6.00|8.00|0.625|1.51|0.526|52.8|21.0|11.8|1.77|248|48.4|29.6|3.84|4.39|0.926
2L8X6X9/16SLBB|51.4|51.4|15.2|6.00|8.00|0.563|1.49|0.476|48.2|19.0|10.7|1.78|192|37.7|24.0|3.55|4.15|0.916
2L8X6X9/16X3/8SLBB|51.4|51.4|15.2|6.00|8.00|0.563|1.49|0.476|48.2|19.0|10.7|1.78|207|40.6|25.3|3.69|4.27|0.920
2L8X6X9/16X3/4SLBB|51.4|51.4|15.2|6.00|8.00|0.563|1.49|0.476|48.2|19.0|10.7|1.78|223|43.5|26.6|3.83|4.39|0.924
2L8X6X1/2SLBB|46.0|46.0|13.6|6.00|8.00|0.500|1.46|0.425|43.5|17.0|9.58|1.79|170|33.5|21.2|3.54|4.15|0.915
2L8X6X1/2X3/8SLBB|46.0|46.0|13.6|6.00|8.00|0.500|1.46|0.425|43.5|17.0|9.58|1.79|184|36.0|22.5|3.68|4.26|0.919
2L8X6X1/2X3/4SLBB|46.0|46.0|13.6|6.00|8.00|0.500|1.46|0.425|43.5|17.0|9.58|1.79|197|38.6|23.5|3.81|4.38|0.923
2L8X6X7/16SLBB|40.4|40.4|12.0|6.00|8.00|0.438|1.44|0.374|38.6|15.0|8.46|1.80|150|29.1|18.8|3.53|4.15|0.913
2L8X6X7/16X3/8SLBB|40.4|40.4|12.0|6.00|8.00|0.438|1.44|0.374|38.6|15.0|8.46|1.80|161|31.4|19.7|3.66|4.26|0.918
2L8X6X7/16X3/4SLBB|40.4|40.4|12.0|6.00|8.00|0.438|1.44|0.374|38.6|15.0|8.46|1.80|173|33.6|20.7|3.80|4.38|0.922
2L8X4X1SLBB|74.8|74.8|22.2|4.00|8.00|1.00|1.04|0.694|23.3|15.5|7.87|1.03|345|67.3|43.1|3.94|4.11|0.983
2L8X4X1X3/8SLBB|74.8|74.8|22.2|4.00|8.00|1.00|1.04|0.694|23.3|15.5|7.87|1.03|370|71.4|45.2|4.08|4.25|0.984
2L8X4X1X3/4SLBB|74.8|74.8|22.2|4.00|8.00|1.00|1.04|0.694|23.3|15.5|7.87|1.03|397|75.6|47.4|4.23|4.39|0.985
2L8X4X7/8SLBB|66.2|66.2|19.6|4.00|8.00|0.875|0.997|0.612|21.1|13.5|7.02|1.04|300|58.5|37.5|3.91|4.09|0.981
2L8X4X7/8X3/8SLBB|66.2|66.2|19.6|4.00|8.00|0.875|0.997|0.612|21.1|13.5|7.02|1.04|323|62.2|39.5|4.06|4.22|0.982
2L8X4X7/8X3/4SLBB|66.2|66.2|19.6|4.00|8.00|0.875|0.997|0.612|21.1|13.5|7.02|1.04|347|65.9|41.4|4.21|4.37|0.984
2L8X4X3/4SLBB|57.4|57.4|17.0|4.00|8.00|0.750|0.949|0.531|18.7|11.6|6.14|1.05|257|49.9|32.1|3.89|4.07|0.980
2L8X4X3/4X3/8SLBB|57.4|57.4|17.0|4.00|8.00|0.750|0.949|0.531|18.7|11.6|6.14|1.05|276|53.1|33.7|4.03|4.20|0.981
2L8X4X3/4X3/4SLBB|57.4|57.4|17.0|4.00|8.00|0.750|0.949|0.531|18.7|11.6|6.14|1.05|297|56.3|35.5|4.18|4.35|0.983
2L8X4X5/8SLBB|48.4|48.4|14.3|4.00|8.00|0.625|0.902|0.448|16.2|9.73|5.23|1.06|213|41.4|26.6|3.86|4.05|0.979
2L8X4X5/8X3/8SLBB|48.4|48.4|14.3|4.00|8.00|0.625|0.902|0.448|16.2|9.73|5.23|1.06|229|44.1|28.0|4.00|4.18|0.980
2L8X4X5/8X3/4SLBB|48.4|48.4|14.3|4.00|8.00|0.625|0.902|0.448|16.2|9.73|5.23|1.06|246|46.8|29.4|4.15|4.32|0.981
2L8X4X9/16SLBB|43.8|43.8|13.0|4.00|8.00|0.563|0.878|0.406|14.9|8.77|4.77|1.07|193|37.1|24.1|3.85|4.04|0.978
2L8X4X9/16X3/8SLBB|43.8|43.8|13.0|4.00|8.00|0.563|0.878|0.406|14.9|8.77|4.77|1.07|207|39.6|25.3|3.99|4.17|0.980
2L8X4X9/16X3/4SLBB|43.8|43.8|13.0|4.00|8.00|0.563|0.878|0.406|14.9|8.77|4.77|1.07|222|42.0|26.5|4.13|4.31|0.981
2L8X4X1/2SLBB|39.2|39.2|11.6|4.00|8.00|0.500|0.854|0.363|13.5|7.81|4.29|1.08|170|32.9|21.2|3.83|4.03|0.978
2L8X4X1/2X3/8SLBB|39.2|39.2|11.6|4.00|8.00|0.500|0.854|0.363|13.5|7.81|4.29|1.08|183|35.1|22.4|3.97|4.16|0.979
2L8X4X1/2X3/4SLBB|39.2|39.2|11.6|4.00|8.00|0.500|0.854|0.363|13.5|7.81|4.29|1.08|197|37.3|23.5|4.12|4.30|0.980
2L8X4X7/16SLBB|34.4|34.4|10.2|4.00|8.00|0.438|0.829|0.319|12.1|6.85|3.81|1.09|149|28.7|18.6|3.82|4.02|0.977
2L8X4X7/16X3/8SLBB|34.4|34.4|10.2|4.00|8.00|0.438|0.829|0.319|12.1|6.85|3.81|1.09|160|30.6|19.5|3.96|4.15|0.978
2L8X4X7/16X3/4SLBB|34.4|34.4|10.2|4.00|8.00|0.438|0.829|0.319|12.1|6.85|3.81|1.09|171|32.6|20.4|4.10|4.29|0.980
2L7X4X3/4SLBB|52.4|52.4|15.5|4.00|7.00|0.750|1.00|0.553|18.0|11.2|6.01|1.08|173|38.7|24.7|3.34|3.57|0.969
2L7X4X3/4X3/8SLBB|52.4|52.4|15.5|4.00|7.00|0.750|1.00|0.553|18.0|11.2|6.01|1.08|188|41.6|26.2|3.48|3.70|0.971
2L7X4X3/4X3/4SLBB|52.4|52.4|15.5|4.00|7.00|0.750|1.00|0.553|18.0|11.2|6.01|1.08|204|44.5|27.7|3.63|3.84|0.973
2L7X4X5/8SLBB|44.2|44.2|13.0|4.00|7.00|0.625|0.958|0.464|15.6|9.38|5.12|1.10|142|31.8|20.3|3.31|3.55|0.967
2L7X4X5/8X3/8SLBB|44.2|44.2|13.0|4.00|7.00|0.625|0.958|0.464|15.6|9.38|5.12|1.10|156|34.3|21.7|3.46|3.68|0.969
2L7X4X5/8X3/4SLBB|44.2|44.2|13.0|4.00|7.00|0.625|0.958|0.464|15.6|9.38|5.12|1.10|168|36.7|22.8|3.60|3.82|0.971
2L7X4X1/2SLBB|35.8|35.8|10.5|4.00|7.00|0.500|0.910|0.376|13.0|7.54|4.20|1.11|114|25.2|16.3|3.29|3.53|0.965
2L7X4X1/2X3/8SLBB|35.8|35.8|10.5|4.00|7.00|0.500|0.910|0.376|13.0|7.54|4.20|1.11|124|27.2|17.3|3.43|3.66|0.968
2L7X4X1/2X3/4SLBB|35.8|35.8|10.5|4.00|7.00|0.500|0.910|0.376|13.0|7.54|4.20|1.11|134|29.2|18.2|3.57|3.80|0.970
2L7X4X7/16SLBB|31.4|31.4|9.26|4.00|7.00|0.438|0.886|0.331|11.6|6.61|3.72|1.12|99.6|22.0|14.2|3.28|3.53|0.964
2L7X4X7/16X3/8SLBB|31.4|31.4|9.26|4.00|7.00|0.438|0.886|0.331|11.6|6.61|3.72|1.12|108|23.8|15.0|3.42|3.66|0.967
2L7X4X7/16X3/4SLBB|31.4|31.4|9.26|4.00|7.00|0.438|0.886|0.331|11.6|6.61|3.72|1.12|117|25.5|15.9|3.56|3.79|0.969
2L7X4X3/8SLBB|27.2|27.2|8.00|4.00|7.00|0.375|0.861|0.286|10.1|5.68|3.22|1.12|85.0|18.8|12.1|3.26|3.52|0.963
2L7X4X3/8X3/8SLBB|27.2|27.2|8.00|4.00|7.00|0.375|0.861|0.286|10.1|5.68|3.22|1.12|92.5|20.3|12.9|3.40|3.65|0.966
2L7X4X3/8X3/4SLBB|27.2|27.2|8.00|4.00|7.00|0.375|0.861|0.286|10.1|5.68|3.22|1.12|100|21.8|13.6|3.54|3.78|0.968
2L6X4X7/8SLBB|54.4|54.4|16.0|4.00|6.00|0.875|1.12|0.667|19.4|12.5|6.74|1.10|127|33.9|21.2|2.82|3.10|0.952
2L6X4X7/8X3/8SLBB|54.4|54.4|16.0|4.00|6.00|0.875|1.12|0.667|19.4|12.5|6.74|1.10|140|36.9|22.6|2.96|3.23|0.956
2L6X4X7/8X3/4SLBB|54.4|54.4|16.0|4.00|6.00|0.875|1.12|0.667|19.4|12.5|6.74|1.10|155|39.9|24.3|3.11|3.37|0.959
2L6X4X3/4SLBB|47.2|47.2|13.9|4.00|6.00|0.750|1.07|0.578|17.3|10.8|5.90|1.12|109|28.7|18.2|2.80|3.09|0.949
2L6X4X3/4X3/8SLBB|47.2|47.2|13.9|4.00|6.00|0.750|1.07|0.578|17.3|10.8|5.90|1.12|120|31.3|19.4|2.94|3.22|0.953
2L6X4X3/4X3/4SLBB|47.2|47.2|13.9|4.00|6.00|0.750|1.07|0.578|17.3|10.8|5.90|1.12|132|33.9|20.7|3.08|3.35|0.957
2L6X4X5/8SLBB|40.0|40.0|11.7|4.00|6.00|0.625|1.03|0.488|15.0|9.13|5.03|1.13|89.8|23.8|15.0|2.77|3.08|0.946
2L6X4X5/8X3/8SLBB|40.0|40.0|11.7|4.00|6.00|0.625|1.03|0.488|15.0|9.13|5.03|1.13|99.1|26.0|16.0|2.91|3.21|0.950
2L6X4X5/8X3/4SLBB|40.0|40.0|11.7|4.00|6.00|0.625|1.03|0.488|15.0|9.13|5.03|1.13|110|28.2|17.3|3.06|3.34|0.954
2L6X4X9/16SLBB|36.2|36.2|10.6|4.00|6.00|0.563|1.00|0.443|13.7|8.26|4.58|1.14|80.7|21.2|13.4|2.76|3.07|0.945
2L6X4X9/16X3/8SLBB|36.2|36.2|10.6|4.00|6.00|0.563|1.00|0.443|13.7|8.26|4.58|1.14|89.1|23.2|14.4|2.90|3.20|0.949
2L6X4X9/16X3/4SLBB|36.2|36.2|10.6|4.00|6.00|0.563|1.00|0.443|13.7|8.26|4.58|1.14|98.0|25.2|15.4|3.04|3.33|0.953
2L6X4X1/2SLBB|32.4|32.4|9.50|4.00|6.00|0.500|0.981|0.396|12.4|7.38|4.12|1.14|71.8|18.8|12.0|2.75|3.07|0.943
2L6X4X1/2X3/8SLBB|32.4|32.4|9.50|4.00|6.00|0.500|0.981|0.396|12.4|7.38|4.12|1.14|79.3|20.6|12.8|2.89|3.19|0.948
2L6X4X1/2X3/4SLBB|32.4|32.4|9.50|4.00|6.00|0.500|0.981|0.396|12.4|7.38|4.12|1.14|87.2|22.4|13.7|3.03|3.32|0.952
2L6X4X7/16SLBB|28.6|28.6|8.36|4.00|6.00|0.438|0.957|0.348|11.1|6.49|3.65|1.15|62.8|16.3|10.5|2.74|3.06|0.942
2L6X4X7/16X3/8SLBB|28.6|28.6|8.36|4.00|6.00|0.438|0.957|0.348|11.1|6.49|3.65|1.15|69.3|17.9|11.2|2.88|3.19|0.946
2L6X4X7/16X3/4SLBB|28.6|28.6|8.36|4.00|6.00|0.438|0.957|0.348|11.1|6.49|3.65|1.15|76.2|19.4|12.0|3.02|3.31|0.950
2L6X4X3/8SLBB|24.6|24.6|7.22|4.00|6.00|0.375|0.933|0.301|9.72|5.58|3.17|1.16|53.8|13.9|8.97|2.73|3.06|0.940
2L6X4X3/8X3/8SLBB|24.6|24.6|7.22|4.00|6.00|0.375|0.933|0.301|9.72|5.58|3.17|1.16|59.1|15.3|9.55|2.86|3.18|0.945
2L6X4X3/8X3/4SLBB|24.6|24.6|7.22|4.00|6.00|0.375|0.933|0.301|9.72|5.58|3.17|1.16|65.0|16.6|10.2|3.00|3.31|0.949
2L6X4X5/16SLBB|20.6|20.6|6.06|4.00|6.00|0.313|0.908|0.253|8.26|4.67|2.67|1.17|44.8|11.5|7.47|2.72|3.05|0.939
2L6X4X5/16X3/8SLBB|20.6|20.6|6.06|4.00|6.00|0.313|0.908|0.253|8.26|4.67|2.67|1.17|49.2|12.7|7.95|2.85|3.17|0.944
2L6X4X5/16X3/4SLBB|20.6|20.6|6.06|4.00|6.00|0.313|0.908|0.253|8.26|4.67|2.67|1.17|54.2|13.8|8.50|2.99|3.30|0.948
2L6X3-1/2X1/2SLBB|30.6|30.6|9.00|3.50|6.00|0.500|0.829|0.375|8.47|5.77|3.17|0.968|71.6|18.6|11.9|2.82|3.04|0.964
2L6X3-1/2X1/2X3/8SLBB|30.6|30.6|9.00|3.50|6.00|0.500|0.829|0.375|8.47|5.77|3.17|0.968|78.9|20.3|12.8|2.96|3.17|0.967
2L6X3-1/2X1/2X3/4SLBB|30.6|30.6|9.00|3.50|6.00|0.500|0.829|0.375|8.47|5.77|3.17|0.968|87.0|22.0|13.6|3.11|3.31|0.969
2L6X3-1/2X3/8SLBB|23.4|23.4|6.88|3.50|6.00|0.375|0.781|0.287|6.65|4.36|2.45|0.984|53.9|13.9|8.98|2.80|3.02|0.962
2L6X3-1/2X3/8X3/8SLBB|23.4|23.4|6.88|3.50|6.00|0.375|0.781|0.287|6.65|4.36|2.45|0.984|59.5|15.2|9.62|2.94|3.15|0.965
2L6X3-1/2X3/8X3/4SLBB|23.4|23.4|6.88|3.50|6.00|0.375|0.781|0.287|6.65|4.36|2.45|0.984|65.3|16.5|10.2|3.08|3.29|0.967
2L6X3-1/2X5/16SLBB|19.6|19.6|5.78|3.50|6.00|0.313|0.756|0.241|5.68|3.65|2.07|0.991|44.7|11.6|7.45|2.78|3.02|0.960
2L6X3-1/2X5/16X3/8SLBB|19.6|19.6|5.78|3.50|6.00|0.313|0.756|0.241|5.68|3.65|2.07|0.991|49.3|12.6|7.97|2.92|3.14|0.964
2L6X3-1/2X5/16X3/4SLBB|19.6|19.6|5.78|3.50|6.00|0.313|0.756|0.241|5.68|3.65|2.07|0.991|54.1|13.7|8.49|3.06|3.28|0.966
2L5X3-1/2X3/4SLBB|39.6|39.6|11.7|3.50|5.00|0.750|0.993|0.585|11.0|8.13|4.40|0.974|63.5|20.4|12.7|2.33|2.60|0.943
2L5X3-1/2X3/4X3/8SLBB|39.6|39.6|11.7|3.50|5.00|0.750|0.993|0.585|11.0|8.13|4.40|0.974|71.4|22.6|13.8|2.47|2.73|0.949
2L5X3-1/2X3/4X3/4SLBB|39.6|39.6|11.7|3.50|5.00|0.750|0.993|0.585|11.0|8.13|4.40|0.974|80.3|24.7|14.9|2.62|2.86|0.953
2L5X3-1/2X5/8SLBB|33.6|33.6|9.86|3.50|5.00|0.625|0.947|0.493|9.60|6.87|3.76|0.987|52.2|16.7|10.4|2.30|2.59|0.940
2L5X3-1/2X5/8X3/8SLBB|33.6|33.6|9.86|3.50|5.00|0.625|0.947|0.493|9.60|6.87|3.76|0.987|59.2|18.5|11.4|2.45|2.71|0.945
2L5X3-1/2X5/8X3/4SLBB|33.6|33.6|9.86|3.50|5.00|0.625|0.947|0.493|9.60|6.87|3.76|0.987|66.1|20.4|12.3|2.59|2.85|0.950
2L5X3-1/2X1/2SLBB|27.2|27.2|8.00|3.50|5.00|0.500|0.901|0.400|8.04|5.57|3.09|1.00|41.6|13.2|8.32|2.28|2.58|0.936
2L5X3-1/2X1/2X3/8SLBB|27.2|27.2|8.00|3.50|5.00|0.500|0.901|0.400|8.04|5.57|3.09|1.00|46.9|14.7|9.04|2.42|2.70|0.942
2L5X3-1/2X1/2X3/4SLBB|27.2|27.2|8.00|3.50|5.00|0.500|0.901|0.400|8.04|5.57|3.09|1.00|52.8|16.2|9.82|2.57|2.83|0.947
2L5X3-1/2X3/8SLBB|20.8|20.8|6.10|3.50|5.00|0.375|0.854|0.305|6.31|4.23|2.38|1.02|31.2|9.76|6.24|2.26|2.56|0.933
2L5X3-1/2X3/8X3/8SLBB|20.8|20.8|6.10|3.50|5.00|0.375|0.854|0.305|6.31|4.23|2.38|1.02|34.8|10.9|6.71|2.39|2.69|0.938
2L5X3-1/2X3/8X3/4SLBB|20.8|20.8|6.10|3.50|5.00|0.375|0.854|0.305|6.31|4.23|2.38|1.02|39.4|12.0|7.33|2.54|2.81|0.944
2L5X3-1/2X5/16SLBB|17.4|17.4|5.12|3.50|5.00|0.313|0.829|0.256|5.38|3.55|2.01|1.02|25.9|8.04|5.18|2.25|2.56|0.931
2L5X3-1/2X5/16X3/8SLBB|17.4|17.4|5.12|3.50|5.00|0.313|0.829|0.256|5.38|3.55|2.01|1.02|29.0|9.00|5.59|2.38|2.68|0.937
2L5X3-1/2X5/16X3/4SLBB|17.4|17.4|5.12|3.50|5.00|0.313|0.829|0.256|5.38|3.55|2.01|1.02|32.5|9.96|6.05|2.52|2.81|0.942
2L5X3-1/2X1/4SLBB|14.0|14.0|4.14|3.50|5.00|0.250|0.804|0.207|4.40|2.85|1.63|1.03|20.6|6.42|4.12|2.23|2.55|0.929
2L5X3-1/2X1/4X3/8SLBB|14.0|14.0|4.14|3.50|5.00|0.250|0.804|0.207|4.40|2.85|1.63|1.03|23.3|7.19|4.49|2.37|2.67|0.935
2L5X3-1/2X1/4X3/4SLBB|14.0|14.0|4.14|3.50|5.00|0.250|0.804|0.207|4.40|2.85|1.63|1.03|26.1|7.97|4.86|2.51|2.80|0.941
2L5X3X1/2SLBB|25.6|25.6|7.50|3.00|5.00|0.500|0.746|0.375|5.10|4.15|2.26|0.824|41.4|13.0|8.28|2.35|2.54|0.962
2L5X3X1/2X3/8SLBB|25.6|25.6|7.50|3.00|5.00|0.500|0.746|0.375|5.10|4.15|2.26|0.824|46.9|14.5|9.04|2.50|2.68|0.966
2L5X3X1/2X3/4SLBB|25.6|25.6|7.50|3.00|5.00|0.500|0.746|0.375|5.10|4.15|2.26|0.824|52.3|15.9|9.73|2.64|2.81|0.969
2L5X3X7/16SLBB|22.6|22.6|6.62|3.00|5.00|0.438|0.722|0.331|4.58|3.65|2.01|0.831|36.2|11.4|7.24|2.34|2.54|0.961
2L5X3X7/16X3/8SLBB|22.6|22.6|6.62|3.00|5.00|0.438|0.722|0.331|4.58|3.65|2.01|0.831|40.7|12.6|7.85|2.48|2.67|0.964
2L5X3X7/16X3/4SLBB|22.6|22.6|6.62|3.00|5.00|0.438|0.722|0.331|4.58|3.65|2.01|0.831|45.8|13.9|8.52|2.63|2.80|0.968
2L5X3X3/8SLBB|19.6|19.6|5.72|3.00|5.00|0.375|0.698|0.286|4.02|3.14|1.75|0.838|31.1|9.67|6.22|2.33|2.53|0.959
2L5X3X3/8X3/8SLBB|19.6|19.6|5.72|3.00|5.00|0.375|0.698|0.286|4.02|3.14|1.75|0.838|34.9|10.7|6.73|2.47|2.66|0.963
2L5X3X3/8X3/4SLBB|19.6|19.6|5.72|3.00|5.00|0.375|0.698|0.286|4.02|3.14|1.75|0.838|39.3|11.8|7.31|2.62|2.79|0.967
2L5X3X5/16SLBB|16.4|16.4|4.82|3.00|5.00|0.313|0.673|0.241|3.44|2.62|1.48|0.846|25.9|8.05|5.18|2.32|2.52|0.958
2L5X3X5/16X3/8SLBB|16.4|16.4|4.82|3.00|5.00|0.313|0.673|0.241|3.44|2.62|1.48|0.846|29.2|8.95|5.63|2.46|2.65|0.962
2L5X3X5/16X3/4SLBB|16.4|16.4|4.82|3.00|5.00|0.313|0.673|0.241|3.44|2.62|1.48|0.846|32.6|9.86|6.07|2.60|2.78|0.965
2L5X3X1/4SLBB|13.2|13.2|3.88|3.00|5.00|0.250|0.648|0.194|2.82|2.10|1.20|0.853|20.5|6.36|4.10|2.30|2.51|0.957
2L5X3X1/4X3/8SLBB|13.2|13.2|3.88|3.00|5.00|0.250|0.648|0.194|2.82|2.10|1.20|0.853|23.1|7.09|4.45|2.44|2.64|0.961
2L5X3X1/4X3/4SLBB|13.2|13.2|3.88|3.00|5.00|0.250|0.648|0.194|2.82|2.10|1.20|0.853|25.8|7.82|4.80|2.58|2.77|0.964
2L4X3-1/2X1/2SLBB|23.8|23.8|7.00|3.50|4.00|0.500|0.994|0.438|7.53|5.39|3.00|1.04|21.4|8.68|5.35|1.75|2.16|0.882
2L4X3-1/2X1/2X3/8SLBB|23.8|23.8|7.00|3.50|4.00|0.500|0.994|0.438|7.53|5.39|3.00|1.04|25.0|9.99|5.97|1.89|2.28|0.893
2L4X3-1/2X1/2X3/4SLBB|23.8|23.8|7.00|3.50|4.00|0.500|0.994|0.438|7.53|5.39|3.00|1.04|28.8|11.3|6.58|2.03|2.40|0.904
2L4X3-1/2X3/8SLBB|18.2|18.2|5.36|3.50|4.00|0.375|0.947|0.335|5.92|4.13|2.32|1.05|16.0|6.43|4.00|1.73|2.16|0.876
2L4X3-1/2X3/8X3/8SLBB|18.2|18.2|5.36|3.50|4.00|0.375|0.947|0.335|5.92|4.13|2.32|1.05|18.5|7.44|4.42|1.86|2.27|0.888
2L4X3-1/2X3/8X3/4SLBB|18.2|18.2|5.36|3.50|4.00|0.375|0.947|0.335|5.92|4.13|2.32|1.05|21.4|8.44|4.89|2.00|2.39|0.899
2L4X3-1/2X5/16SLBB|15.4|15.4|4.50|3.50|4.00|0.313|0.923|0.281|5.05|3.48|1.96|1.06|13.3|5.26|3.32|1.72|2.16|0.874
2L4X3-1/2X5/16X3/8SLBB|15.4|15.4|4.50|3.50|4.00|0.313|0.923|0.281|5.05|3.48|1.96|1.06|15.4|6.11|3.68|1.85|2.26|0.885
2L4X3-1/2X5/16X3/4SLBB|15.4|15.4|4.50|3.50|4.00|0.313|0.923|0.281|5.05|3.48|1.96|1.06|17.8|6.95|4.07|1.99|2.38|0.896
2L4X3-1/2X1/4SLBB|12.4|12.4|3.64|3.50|4.00|0.250|0.897|0.228|4.13|2.80|1.59|1.07|10.5|4.15|2.62|1.70|2.15|0.871
2L4X3-1/2X1/4X3/8SLBB|12.4|12.4|3.64|3.50|4.00|0.250|0.897|0.228|4.13|2.80|1.59|1.07|12.2|4.83|2.91|1.83|2.26|0.883
2L4X3-1/2X1/4X3/4SLBB|12.4|12.4|3.64|3.50|4.00|0.250|0.897|0.228|4.13|2.80|1.59|1.07|14.1|5.51|3.22|1.97|2.37|0.894
2L4X3X5/8SLBB|27.2|27.2|7.98|3.00|4.00|0.625|0.867|0.499|5.70|4.90|2.67|0.845|27.0|10.9|6.75|1.84|2.10|0.930
2L4X3X5/8X3/8SLBB|27.2|27.2|7.98|3.00|4.00|0.625|0.867|0.499|5.70|4.90|2.67|0.845|31.3|12.4|7.47|1.98|2.22|0.938
2L4X3X5/8X3/4SLBB|27.2|27.2|7.98|3.00|4.00|0.625|0.867|0.499|5.70|4.90|2.67|0.845|36.2|13.9|8.27|2.13|2.36|0.945
2L4X3X1/2SLBB|22.2|22.2|6.50|3.00|4.00|0.500|0.822|0.406|4.79|3.99|2.20|0.858|21.3|8.58|5.32|1.81|2.09|0.925
2L4X3X1/2X3/8SLBB|22.2|22.2|6.50|3.00|4.00|0.500|0.822|0.406|4.79|3.99|2.20|0.858|24.7|9.80|5.90|1.95|2.21|0.933
2L4X3X1/2X3/4SLBB|22.2|22.2|6.50|3.00|4.00|0.500|0.822|0.406|4.79|3.99|2.20|0.858|28.7|11.0|6.56|2.10|2.34|0.940
2L4X3X3/8SLBB|17.0|17.0|4.98|3.00|4.00|0.375|0.775|0.311|3.79|3.04|1.70|0.873|16.0|6.32|4.00|1.79|2.08|0.920
2L4X3X3/8X3/8SLBB|17.0|17.0|4.98|3.00|4.00|0.375|0.775|0.311|3.79|3.04|1.70|0.873|18.6|7.26|4.44|1.93|2.20|0.928
2L4X3X3/8X3/4SLBB|17.0|17.0|4.98|3.00|4.00|0.375|0.775|0.311|3.79|3.04|1.70|0.873|21.3|8.19|4.87|2.07|2.32|0.936
2L4X3X5/16SLBB|14.4|14.4|4.18|3.00|4.00|0.313|0.750|0.261|3.24|2.56|1.44|0.880|13.2|5.22|3.30|1.78|2.07|0.918
2L4X3X5/16X3/8SLBB|14.4|14.4|4.18|3.00|4.00|0.313|0.750|0.261|3.24|2.56|1.44|0.880|15.2|6.01|3.63|1.91|2.19|0.926
2L4X3X5/16X3/4SLBB|14.4|14.4|4.18|3.00|4.00|0.313|0.750|0.261|3.24|2.56|1.44|0.880|17.7|6.79|4.05|2.06|2.32|0.934
2L4X3X1/4SLBB|11.6|11.6|3.38|3.00|4.00|0.250|0.725|0.211|2.66|2.06|1.17|0.887|10.5|4.12|2.62|1.76|2.06|0.915
2L4X3X1/4X3/8SLBB|11.6|11.6|3.38|3.00|4.00|0.250|0.725|0.211|2.66|2.06|1.17|0.887|12.2|4.76|2.91|1.90|2.18|0.924
2L4X3X1/4X3/4SLBB|11.6|11.6|3.38|3.00|4.00|0.250|0.725|0.211|2.66|2.06|1.17|0.887|14.1|5.39|3.22|2.04|2.31|0.932
2L3-1/2X3X1/2SLBB|20.4|20.4|6.04|3.00|3.50|0.500|0.869|0.431|4.65|3.94|2.18|0.877|14.5|6.76|4.14|1.55|1.88|0.892
2L3-1/2X3X1/2X3/8SLBB|20.4|20.4|6.04|3.00|3.50|0.500|0.869|0.431|4.65|3.94|2.18|0.877|17.3|7.90|4.69|1.69|2.00|0.904
2L3-1/2X3X1/2X3/4SLBB|20.4|20.4|6.04|3.00|3.50|0.500|0.869|0.431|4.65|3.94|2.18|0.877|20.4|9.03|5.26|1.84|2.13|0.915
2L3-1/2X3X7/16SLBB|18.2|18.2|5.34|3.00|3.50|0.438|0.846|0.381|4.18|3.49|1.94|0.885|12.7|5.82|3.63|1.54|1.88|0.889
2L3-1/2X3X7/16X3/8SLBB|18.2|18.2|5.34|3.00|3.50|0.438|0.846|0.381|4.18|3.49|1.94|0.885|14.9|6.82|4.04|1.67|1.99|0.901
2L3-1/2X3X7/16X3/4SLBB|18.2|18.2|5.34|3.00|3.50|0.438|0.846|0.381|4.18|3.49|1.94|0.885|17.7|7.82|4.57|1.82|2.12|0.912
2L3-1/2X3X3/8SLBB|15.8|15.8|4.64|3.00|3.50|0.375|0.823|0.331|3.69|3.04|1.69|0.892|10.7|4.96|3.06|1.52|1.88|0.885
2L3-1/2X3X3/8X3/8SLBB|15.8|15.8|4.64|3.00|3.50|0.375|0.823|0.331|3.69|3.04|1.69|0.892|12.8|5.83|3.47|1.66|1.99|0.898
2L3-1/2X3X3/8X3/4SLBB|15.8|15.8|4.64|3.00|3.50|0.375|0.823|0.331|3.69|3.04|1.69|0.892|15.2|6.70|3.92|1.81|2.11|0.910
2L3-1/2X3X5/16SLBB|13.2|13.2|3.90|3.00|3.50|0.313|0.798|0.279|3.16|2.56|1.44|0.900|8.89|4.10|2.54|1.51|1.87|0.883
2L3-1/2X3X5/16X3/8SLBB|13.2|13.2|3.90|3.00|3.50|0.313|0.798|0.279|3.16|2.56|1.44|0.900|10.6|4.83|2.87|1.65|1.98|0.895
2L3-1/2X3X5/16X3/4SLBB|13.2|13.2|3.90|3.00|3.50|0.313|0.798|0.279|3.16|2.56|1.44|0.900|12.5|5.56|3.23|1.79|2.11|0.907
2L3-1/2X3X1/4SLBB|10.8|10.8|3.16|3.00|3.50|0.250|0.773|0.226|2.61|2.08|1.17|0.908|7.11|3.22|2.03|1.50|1.87|0.880
2L3-1/2X3X1/4X3/8SLBB|10.8|10.8|3.16|3.00|3.50|0.250|0.773|0.226|2.61|2.08|1.17|0.908|8.40|3.82|2.28|1.63|1.98|0.893
2L3-1/2X3X1/4X3/4SLBB|10.8|10.8|3.16|3.00|3.50|0.250|0.773|0.226|2.61|2.08|1.17|0.908|10.0|4.41|2.58|1.78|2.10|0.905
2L3-1/2X2-1/2X1/2SLBB|18.8|18.8|5.54|2.50|3.50|0.500|0.701|0.396|2.72|2.78|1.51|0.701|14.5|6.65|4.14|1.62|1.82|0.938
2L3-1/2X2-1/2X1/2X3/8SLBB|18.8|18.8|5.54|2.50|3.50|0.500|0.701|0.396|2.72|2.78|1.51|0.701|17.2|7.69|4.66|1.76|1.95|0.946
2L3-1/2X2-1/2X1/2X3/4SLBB|18.8|18.8|5.54|2.50|3.50|0.500|0.701|0.396|2.72|2.78|1.51|0.701|20.2|8.73|5.21|1.91|2.08|0.953
2L3-1/2X2-1/2X3/8SLBB|14.4|14.4|4.24|2.50|3.50|0.375|0.655|0.303|2.17|2.13|1.18|0.716|10.7|4.88|3.06|1.59|1.81|0.933
2L3-1/2X2-1/2X3/8X3/8SLBB|14.4|14.4|4.24|2.50|3.50|0.375|0.655|0.303|2.17|2.13|1.18|0.716|12.7|5.67|3.44|1.73|1.93|0.941
2L3-1/2X2-1/2X3/8X3/4SLBB|14.4|14.4|4.24|2.50|3.50|0.375|0.655|0.303|2.17|2.13|1.18|0.716|15.0|6.47|3.87|1.88|2.07|0.949
2L3-1/2X2-1/2X5/16SLBB|12.2|12.2|3.58|2.50|3.50|0.313|0.632|0.256|1.87|1.80|1.00|0.723|8.94|4.05|2.55|1.58|1.80|0.930
2L3-1/2X2-1/2X5/16X3/8SLBB|12.2|12.2|3.58|2.50|3.50|0.313|0.632|0.256|1.87|1.80|1.00|0.723|10.6|4.72|2.87|1.72|1.92|0.939
2L3-1/2X2-1/2X5/16X3/4SLBB|12.2|12.2|3.58|2.50|3.50|0.313|0.632|0.256|1.87|1.80|1.00|0.723|12.5|5.39|3.23|1.87|2.06|0.947
2L3-1/2X2-1/2X1/4SLBB|9.80|9.80|2.90|2.50|3.50|0.250|0.607|0.207|1.55|1.46|0.819|0.731|7.15|3.19|2.04|1.57|1.80|0.928
2L3-1/2X2-1/2X1/4X3/8SLBB|9.80|9.80|2.90|2.50|3.50|0.250|0.607|0.207|1.55|1.46|0.819|0.731|8.38|3.73|2.27|1.70|1.92|0.937
2L3-1/2X2-1/2X1/4X3/4SLBB|9.80|9.80|2.90|2.50|3.50|0.250|0.607|0.207|1.55|1.46|0.819|0.731|9.93|4.28|2.56|1.85|2.05|0.944
2L3X2-1/2X1/2SLBB|17.0|17.0|5.00|2.50|3.00|0.500|0.746|0.417|2.58|2.68|1.47|0.718|9.11|4.97|3.04|1.35|1.61|0.905
2L3X2-1/2X1/2X3/8SLBB|17.0|17.0|5.00|2.50|3.00|0.500|0.746|0.417|2.58|2.68|1.47|0.718|11.1|5.91|3.48|1.49|1.73|0.918
2L3X2-1/2X1/2X3/4SLBB|17.0|17.0|5.00|2.50|3.00|0.500|0.746|0.417|2.58|2.68|1.47|0.718|13.4|6.85|3.97|1.64|1.86|0.929
2L3X2-1/2X7/16SLBB|15.2|15.2|4.44|2.50|3.00|0.438|0.724|0.370|2.33|2.38|1.31|0.724|7.97|4.32|2.66|1.34|1.60|0.901
2L3X2-1/2X7/16X3/8SLBB|15.2|15.2|4.44|2.50|3.00|0.438|0.724|0.370|2.33|2.38|1.31|0.724|9.73|5.15|3.05|1.48|1.72|0.914
2L3X2-1/2X7/16X3/4SLBB|15.2|15.2|4.44|2.50|3.00|0.438|0.724|0.370|2.33|2.38|1.31|0.724|11.8|5.98|3.50|1.63|1.85|0.926
2L3X2-1/2X3/8SLBB|13.2|13.2|3.86|2.50|3.00|0.375|0.701|0.322|2.06|2.07|1.15|0.731|6.73|3.66|2.24|1.32|1.60|0.897
2L3X2-1/2X3/8X3/8SLBB|13.2|13.2|3.86|2.50|3.00|0.375|0.701|0.322|2.06|2.07|1.15|0.731|8.23|4.39|2.58|1.46|1.72|0.911
2L3X2-1/2X3/8X3/4SLBB|13.2|13.2|3.86|2.50|3.00|0.375|0.701|0.322|2.06|2.07|1.15|0.731|10.0|5.11|2.96|1.61|1.85|0.923
2L3X2-1/2X5/16SLBB|11.2|11.2|3.26|2.50|3.00|0.313|0.677|0.272|1.78|1.75|0.974|0.739|5.59|3.02|1.86|1.31|1.59|0.893
2L3X2-1/2X5/16X3/8SLBB|11.2|11.2|3.26|2.50|3.00|0.313|0.677|0.272|1.78|1.75|0.974|0.739|6.85|3.63|2.15|1.45|1.71|0.907
2L3X2-1/2X5/16X3/4SLBB|11.2|11.2|3.26|2.50|3.00|0.313|0.677|0.272|1.78|1.75|0.974|0.739|8.35|4.24|2.47|1.60|1.84|0.920
2L3X2-1/2X1/4SLBB|9.00|9.00|2.64|2.50|3.00|0.250|0.653|0.220|1.47|1.41|0.794|0.746|4.46|2.38|1.49|1.30|1.59|0.890
2L3X2-1/2X1/4X3/8SLBB|9.00|9.00|2.64|2.50|3.00|0.250|0.653|0.220|1.47|1.41|0.794|0.746|5.47|2.87|1.72|1.44|1.70|0.904
2L3X2-1/2X1/4X3/4SLBB|9.00|9.00|2.64|2.50|3.00|0.250|0.653|0.220|1.47|1.41|0.794|0.746|6.59|3.37|1.95|1.58|1.83|0.917
2L3X2-1/2X3/16SLBB|6.78|6.78|2.00|2.50|3.00|0.188|0.627|0.167|1.14|1.07|0.606|0.753|3.33|1.75|1.11|1.29|1.58|0.887
2L3X2-1/2X3/16X3/8SLBB|6.78|6.78|2.00|2.50|3.00|0.188|0.627|0.167|1.14|1.07|0.606|0.753|4.03|2.12|1.26|1.42|1.70|0.901
2L3X2-1/2X3/16X3/4SLBB|6.78|6.78|2.00|2.50|3.00|0.188|0.627|0.167|1.14|1.07|0.606|0.753|4.93|2.50|1.46|1.57|1.82|0.914
2L3X2X1/2SLBB|15.4|15.4|4.52|2.00|3.00|0.500|0.580|0.377|1.33|1.77|0.940|0.543|9.11|4.88|3.04|1.42|1.55|0.955
2L3X2X1/2X3/8SLBB|15.4|15.4|4.52|2.00|3.00|0.500|0.580|0.377|1.33|1.77|0.940|0.543|11.0|5.73|3.45|1.56|1.69|0.962
2L3X2X1/2X3/4SLBB|15.4|15.4|4.52|2.00|3.00|0.500|0.580|0.377|1.33|1.77|0.940|0.543|13.4|6.58|3.97|1.72|1.83|0.968
2L3X2X3/8SLBB|11.8|11.8|3.50|2.00|3.00|0.375|0.535|0.292|1.08|1.36|0.736|0.555|6.76|3.60|2.25|1.39|1.54|0.949
2L3X2X3/8X3/8SLBB|11.8|11.8|3.50|2.00|3.00|0.375|0.535|0.292|1.08|1.36|0.736|0.555|8.30|4.26|2.60|1.54|1.67|0.957
2L3X2X3/8X3/4SLBB|11.8|11.8|3.50|2.00|3.00|0.375|0.535|0.292|1.08|1.36|0.736|0.555|10.0|4.92|2.96|1.69|1.81|0.963
2L3X2X5/16SLBB|10.0|10.0|2.96|2.00|3.00|0.313|0.511|0.247|0.935|1.14|0.628|0.562|5.64|2.99|1.88|1.38|1.53|0.946
2L3X2X5/16X3/8SLBB|10.0|10.0|2.96|2.00|3.00|0.313|0.511|0.247|0.935|1.14|0.628|0.562|6.84|3.54|2.15|1.52|1.66|0.954
2L3X2X5/16X3/4SLBB|10.0|10.0|2.96|2.00|3.00|0.313|0.511|0.247|0.935|1.14|0.628|0.562|8.26|4.10|2.45|1.67|1.80|0.961
2L3X2X1/4SLBB|8.20|8.20|2.40|2.00|3.00|0.250|0.487|0.200|0.779|0.926|0.515|0.569|4.50|2.35|1.50|1.37|1.52|0.944
2L3X2X1/4X3/8SLBB|8.20|8.20|2.40|2.00|3.00|0.250|0.487|0.200|0.779|0.926|0.515|0.569|5.47|2.80|1.72|1.51|1.65|0.952
2L3X2X1/4X3/4SLBB|8.20|8.20|2.40|2.00|3.00|0.250|0.487|0.200|0.779|0.926|0.515|0.569|6.61|3.25|1.96|1.66|1.79|0.959
2L3X2X3/16SLBB|6.14|6.14|1.83|2.00|3.00|0.188|0.462|0.153|0.610|0.703|0.396|0.577|3.34|1.75|1.11|1.35|1.52|0.941
2L3X2X3/16X3/8SLBB|6.14|6.14|1.83|2.00|3.00|0.188|0.462|0.153|0.610|0.703|0.396|0.577|4.06|2.09|1.27|1.49|1.64|0.950
2L3X2X3/16X3/4SLBB|6.14|6.14|1.83|2.00|3.00|0.188|0.462|0.153|0.610|0.703|0.396|0.577|4.92|2.43|1.46|1.64|1.78|0.957
2L2-1/2X2X3/8SLBB|10.6|10.6|3.10|2.00|2.50|0.375|0.578|0.310|1.03|1.31|0.722|0.574|3.96|2.56|1.58|1.13|1.32|0.913
2L2-1/2X2X3/8X3/8SLBB|10.6|10.6|3.10|2.00|2.50|0.375|0.578|0.310|1.03|1.31|0.722|0.574|5.00|3.14|1.86|1.27|1.45|0.927
2L2-1/2X2X3/8X3/4SLBB|10.6|10.6|3.10|2.00|2.50|0.375|0.578|0.310|1.03|1.31|0.722|0.574|6.25|3.72|2.17|1.42|1.59|0.939
2L2-1/2X2X5/16SLBB|9.00|9.00|2.64|2.00|2.50|0.313|0.555|0.264|0.891|1.11|0.617|0.581|3.31|2.12|1.32|1.12|1.32|0.909
2L2-1/2X2X5/16X3/8SLBB|9.00|9.00|2.64|2.00|2.50|0.313|0.555|0.264|0.891|1.11|0.617|0.581|4.19|2.61|1.56|1.26|1.44|0.923
2L2-1/2X2X5/16X3/4SLBB|9.00|9.00|2.64|2.00|2.50|0.313|0.555|0.264|0.891|1.11|0.617|0.581|5.25|3.11|1.83|1.41|1.58|0.936
2L2-1/2X2X1/4SLBB|7.24|7.24|2.14|2.00|2.50|0.250|0.532|0.214|0.744|0.909|0.507|0.589|2.59|1.67|1.04|1.10|1.32|0.904
2L2-1/2X2X1/4X3/8SLBB|7.24|7.24|2.14|2.00|2.50|0.250|0.532|0.214|0.744|0.909|0.507|0.589|3.29|2.07|1.22|1.24|1.43|0.920
2L2-1/2X2X1/4X3/4SLBB|7.24|7.24|2.14|2.00|2.50|0.250|0.532|0.214|0.744|0.909|0.507|0.589|4.13|2.47|1.44|1.39|1.57|0.933
2L2-1/2X2X3/16SLBB|5.50|5.50|1.64|2.00|2.50|0.188|0.508|0.164|0.583|0.695|0.391|0.597|1.95|1.23|0.780|1.09|1.31|0.901
2L2-1/2X2X3/16X3/8SLBB|5.50|5.50|1.64|2.00|2.50|0.188|0.508|0.164|0.583|0.695|0.391|0.597|2.48|1.54|0.923|1.23|1.43|0.916
2L2-1/2X2X3/16X3/4SLBB|5.50|5.50|1.64|2.00|2.50|0.188|0.508|0.164|0.583|0.695|0.391|0.597|3.12|1.85|1.09|1.38|1.56|0.929
2L2-1/2X1-1/2X1/4SLBB|6.38|6.38|1.89|1.50|2.50|0.250|0.372|0.189|0.316|1.12|0.280|0.409|2.59|1.64|1.04|1.17|1.26|0.962
2L2-1/2X1-1/2X1/4X3/8SLBB|6.38|6.38|1.89|1.50|2.50|0.250|0.372|0.189|0.316|1.12|0.280|0.409|3.29|2.00|1.22|1.32|1.40|0.969
2L2-1/2X1-1/2X1/4X3/4SLBB|6.38|6.38|1.89|1.50|2.50|0.250|0.372|0.189|0.316|1.12|0.280|0.409|4.08|2.35|1.42|1.47|1.55|0.975
2L2-1/2X1-1/2X3/16SLBB|4.88|4.88|1.45|1.50|2.50|0.188|0.347|0.145|0.249|0.820|0.216|0.416|1.95|1.21|0.780|1.16|1.26|0.959
2L2-1/2X1-1/2X3/16X3/8SLBB|4.88|4.88|1.45|1.50|2.50|0.188|0.347|0.145|0.249|0.820|0.216|0.416|2.45|1.49|0.912|1.30|1.39|0.967
2L2-1/2X1-1/2X3/16X3/4SLBB|4.88|4.88|1.45|1.50|2.50|0.188|0.347|0.145|0.249|0.820|0.216|0.416|3.09|1.76|1.07|1.46|1.53|0.973